Geo_ID,Area Name,Area Type,Year,Variable,Value
37119,Mecklenburg County,County,2021,Traffic Accident Fatalities,128
37119,Mecklenburg County,County,2021,School Bus Accidents,115
37119,Mecklenburg County,County,2021,Motorcyclists Injured,203
37119,Mecklenburg County,County,2019,Unpaved Highway Mileage,11.57
37119,Mecklenburg County,County,2019,Alcohol Related Accidents,1023
37119,Mecklenburg County,County,2019,Motorcyclist Fatalities,13
37119,Mecklenburg County,County,2018,Bicyclists Injured,112
37119,Mecklenburg County,County,2020,Persons Injured in Traffic Accidents,9412
37119,Mecklenburg County,County,2022,Pedestrian Accidents,356
37119,Mecklenburg County,County,2022,Motorcyclists Injured,192
37119,Mecklenburg County,County,2024,Pedestrian Accidents,454
37119,Mecklenburg County,County,2024,Motorcyclist Fatalities,17
37119,Mecklenburg County,County,2023,Bicyclists Injured,113
37119,Mecklenburg County,County,2023,Bicyclist Fatalities,2
37119,Mecklenburg County,County,2023,School Bus Accidents,193
37119,Mecklenburg County,County,2015,Vehicles Inspected,760927
37119,Mecklenburg County,County,2016,School Bus Accidents,189
37119,Mecklenburg County,County,2016,School Bus Average Mileage,17767
37119,Mecklenburg County,County,2014,School Bus Accidents,204
37119,Mecklenburg County,County,2013,Accidents Caused by Exceeding Legal Speed,1343
37119,Mecklenburg County,County,2009,Vehicles Inspected,606435
37119,Mecklenburg County,County,2012,Alcohol Related Accidents,1109
37119,Mecklenburg County,County,2010,Bicyclist Fatalities,0
37119,Mecklenburg County,County,2009,Bicyclists Injured,49
37119,Mecklenburg County,County,2010,Alcohol Related Accidents,816
37119,Mecklenburg County,County,2004,Vehicles Inspected,652375
37119,Mecklenburg County,County,2005,Motorcyclist Fatalities,10
37119,Mecklenburg County,County,1992,Accidents Caused by Exceeding Legal Speed,1941
37119,Mecklenburg County,County,1999,Motorcyclists Injured,204
37119,Mecklenburg County,County,2000,Bicyclist Fatalities,1
37119,Mecklenburg County,County,1982,Alcohol Related Accidents,1255
37119,Mecklenburg County,County,1982,School Bus Accidents,158
37119,Mecklenburg County,County,1994,Bicyclist Fatalities,0
37119,Mecklenburg County,County,1994,Alcohol Related Accidents,752
37119,Mecklenburg County,County,1994,Vehicles Inspected,488157
37119,Mecklenburg County,County,1993,School Bus Average Mileage,53964
37119,Mecklenburg County,County,1980,Bicyclist Fatalities,1
37119,Mecklenburg County,County,1992,Alcohol Related Accidents,716
37119,Mecklenburg County,County,1991,Alcohol Related Accidents,798
37119,Mecklenburg County,County,1989,Accidents Caused by Exceeding Legal Speed,3560
37119,Mecklenburg County,County,1998,Motorcyclists Injured,185
37119,Mecklenburg County,County,1986,School Bus Accidents,73
37119,Mecklenburg County,County,1986,Vehicles Inspected,427965
37119,Mecklenburg County,County,1997,Alcohol Related Accidents,967
37119,Mecklenburg County,County,1995,Alcohol Related Accidents,775
37119,Mecklenburg County,County,1984,School Bus Average Mileage,38152
37119,Mecklenburg County,County,1984,Bicyclists Injured,143
37119,Mecklenburg County,County,1998,Vehicles Inspected,599616
37119,Mecklenburg County,County,2014,Traffic Accident Fatalities,67
37119,Mecklenburg County,County,2017,Traffic Accidents,38237
37119,Mecklenburg County,County,2011,Auto and Truck Registrations,588626
37119,Mecklenburg County,County,2006,Persons Injured in Traffic Accidents,12629
37119,Mecklenburg County,County,2004,Traffic Accidents,26521
37119,Mecklenburg County,County,2004,Persons Injured in Traffic Accidents,14628
37119,Mecklenburg County,County,2003,Persons Injured in Traffic Accidents,15755
37119,Mecklenburg County,County,2001,Secondary Highway Mileage,728.67
37119,Mecklenburg County,County,2002,Traffic Accident Fatalities,73
37119,Mecklenburg County,County,2000,Primary Highway Mileage,281.29
37119,Mecklenburg County,County,2000,Traffic Accident Fatalities,90
37119,Mecklenburg County,County,2000,Persons Injured in Traffic Accidents,17215
37119,Mecklenburg County,County,1995,Unpaved Highway Mileage,43.86
37119,Mecklenburg County,County,1995,Persons Injured in Traffic Accidents,17653
37119,Mecklenburg County,County,1980,Unpaved Highway Mileage,104.49
37119,Mecklenburg County,County,1992,Secondary Highway Mileage,861.49
37119,Mecklenburg County,County,1991,Persons Injured in Traffic Accidents,12680
37119,Mecklenburg County,County,1976,Persons Injured in Traffic Accidents,7420
37119,Mecklenburg County,County,1988,Primary Highway Mileage,261.58
37119,Mecklenburg County,County,1998,Paved Highway Mileage,1006.72
37119,Mecklenburg County,County,1998,Secondary Highway Mileage,761.83
37119,Mecklenburg County,County,1998,Traffic Accident Fatalities,69
37119,Mecklenburg County,County,1986,Traffic Accident Fatalities,85
37119,Mecklenburg County,County,1986,Persons Injured in Traffic Accidents,11906
37119,Mecklenburg County,County,1985,Primary Highway Mileage,260.13
37119,Mecklenburg County,County,1985,Auto and Truck Registrations,321826
37119,Mecklenburg County,County,1996,Secondary Highway Mileage,819.68
37119,Mecklenburg County,County,1984,Traffic Accidents,17694
37119,Mecklenburg County,County,2001,Unpaved Highway Mileage,22.11
37119,Mecklenburg County,County,2018,Motorcyclists Injured,230
37119,Mecklenburg County,County,2019,Persons Injured in Traffic Accidents,11992
37119,Mecklenburg County,County,2019,Bicyclists Injured,93
37119,Mecklenburg County,County,2021,Pedestrian Fatalities,29
37119,Mecklenburg County,County,2023,Motorcyclists Injured,237
37119,Mecklenburg County,County,2024,Persons Injured in Traffic Accidents,10189
37119,Mecklenburg County,County,2024,School Bus Accidents,182
37119,Mecklenburg County,County,2019,Accidents Caused by Exceeding Legal Speed,1487
37119,Mecklenburg County,County,2024,Accidents Caused by Exceeding Legal Speed,1.522
37119,Mecklenburg County,County,2019,Pedestrian Fatalities,34
37119,Mecklenburg County,County,2020,Alcohol Related Accidents,901
37119,Mecklenburg County,County,2017,Secondary Highway Mileage,659
37119,Mecklenburg County,County,2021,Alcohol Related Accidents,1035
37119,Mecklenburg County,County,2021,Bicyclists Injured,78
37119,Mecklenburg County,County,2022,Pedestrians Injured,320
37119,Mecklenburg County,County,2022,Motorcyclist Fatalities,17
37119,Mecklenburg County,County,2015,Bicyclists Injured,6
37119,Mecklenburg County,County,2014,School Bus Average Mileage,18480
37119,Mecklenburg County,County,2012,School Bus Average Mileage,19974
37119,Mecklenburg County,County,2010,School Bus Average Mileage,19133
37119,Mecklenburg County,County,2012,Motorcyclists Injured,335
37119,Mecklenburg County,County,2012,Bicyclist Fatalities,0
37119,Mecklenburg County,County,2006,Bicyclist Fatalities,1
37119,Mecklenburg County,County,2007,Bicyclists Injured,56
37119,Mecklenburg County,County,2010,Motorcyclist Fatalities,5
37119,Mecklenburg County,County,2008,Bicyclist Fatalities,2
37119,Mecklenburg County,County,2008,Bicyclists Injured,57
37119,Mecklenburg County,County,2005,School Bus Average Mileage,119376
37119,Mecklenburg County,County,2004,Bicyclist Fatalities,0
37119,Mecklenburg County,County,1997,Accidents Caused by Exceeding Legal Speed,2220
37119,Mecklenburg County,County,1990,Accidents Caused by Exceeding Legal Speed,3004
37119,Mecklenburg County,County,2003,Bicyclists Injured,40
37119,Mecklenburg County,County,2002,Bicyclist Fatalities,0
37119,Mecklenburg County,County,2000,School Bus Accidents,190
37119,Mecklenburg County,County,1999,School Bus Accidents,177
37119,Mecklenburg County,County,2001,School Bus Average Mileage,97012
37119,Mecklenburg County,County,1993,Bicyclist Fatalities,1
37119,Mecklenburg County,County,1980,Alcohol Related Accidents,899
37119,Mecklenburg County,County,1992,Motorcyclists Injured,121
37119,Mecklenburg County,County,1990,Motorcyclists Injured,175
37119,Mecklenburg County,County,1990,School Bus Accidents,112
37119,Mecklenburg County,County,1988,Motorcyclist Fatalities,2
37119,Mecklenburg County,County,1988,Motorcyclists Injured,140
37119,Mecklenburg County,County,1988,Bicyclist Fatalities,1
37119,Mecklenburg County,County,1987,Motorcyclist Fatalities,7
37119,Mecklenburg County,County,1987,Vehicles Inspected,458443
37119,Mecklenburg County,County,1986,Motorcyclist Fatalities,7
37119,Mecklenburg County,County,1986,Bicyclist Fatalities,1
37119,Mecklenburg County,County,1997,Bicyclists Injured,99
37119,Mecklenburg County,County,1985,Motorcyclist Fatalities,4
37119,Mecklenburg County,County,1985,Bicyclist Fatalities,0
37119,Mecklenburg County,County,1985,Vehicles Inspected,424447
37119,Mecklenburg County,County,1995,School Bus Average Mileage,64180
37119,Mecklenburg County,County,1995,Motorcyclist Fatalities,4
37119,Mecklenburg County,County,1984,School Bus Accidents,175
37119,Mecklenburg County,County,2000,Vehicles Inspected,615488
37119,Mecklenburg County,County,2018,Motorcyclist Fatalities,5
37119,Mecklenburg County,County,2015,Auto and Truck Registrations,700411
37119,Mecklenburg County,County,2016,Traffic Accident Fatalities,93
37119,Mecklenburg County,County,2016,Paved Highway Mileage,969
37119,Mecklenburg County,County,2011,Paved Highway Mileage,962.83
37119,Mecklenburg County,County,2011,Secondary Highway Mileage,660.4
37119,Mecklenburg County,County,2010,Auto and Truck Registrations,596811
37119,Mecklenburg County,County,2008,Paved Highway Mileage,1013.45
37119,Mecklenburg County,County,2007,Persons Injured in Traffic Accidents,14287
37119,Mecklenburg County,County,2009,Persons Injured in Traffic Accidents,11455
37119,Mecklenburg County,County,2007,Auto and Truck Registrations,619015
37119,Mecklenburg County,County,2005,Unpaved Highway Mileage,17.48
37119,Mecklenburg County,County,2003,Secondary Highway Mileage,713.14
37119,Mecklenburg County,County,2000,Traffic Accidents,27706
37119,Mecklenburg County,County,1983,Paved Highway Mileage,1025.5
37119,Mecklenburg County,County,1983,Persons Injured in Traffic Accidents,9341
37119,Mecklenburg County,County,1983,Auto and Truck Registrations,297107
37119,Mecklenburg County,County,1995,Secondary Highway Mileage,806.83
37119,Mecklenburg County,County,1995,Traffic Accident Fatalities,58
37119,Mecklenburg County,County,1995,Traffic Accidents,25552
37119,Mecklenburg County,County,1982,Primary Highway Mileage,264.83
37119,Mecklenburg County,County,1993,Persons Injured in Traffic Accidents,14512
37119,Mecklenburg County,County,1981,Persons Injured in Traffic Accidents,8928
37119,Mecklenburg County,County,1980,Secondary Highway Mileage,880.85
37119,Mecklenburg County,County,1980,Auto and Truck Registrations,288728
37119,Mecklenburg County,County,1979,Auto and Truck Registrations,285695
37119,Mecklenburg County,County,1990,Primary Highway Mileage,259.03
37119,Mecklenburg County,County,1989,Paved Highway Mileage,1014.64
37119,Mecklenburg County,County,1989,Traffic Accident Fatalities,76
37119,Mecklenburg County,County,1989,Traffic Accidents,21763
37119,Mecklenburg County,County,1970,Traffic Accident Fatalities,85
37119,Mecklenburg County,County,1988,Paved Highway Mileage,1032.94
37119,Mecklenburg County,County,1971,Traffic Accidents,12988
37119,Mecklenburg County,County,1987,Traffic Accident Fatalities,77
37119,Mecklenburg County,County,1987,Auto and Truck Registrations,357662
37119,Mecklenburg County,County,1986,Primary Highway Mileage,260.13
37119,Mecklenburg County,County,1986,Auto and Truck Registrations,348197
37119,Mecklenburg County,County,1997,Paved Highway Mileage,1006.72
37119,Mecklenburg County,County,1997,Primary Highway Mileage,273.92
37119,Mecklenburg County,County,1997,Persons Injured in Traffic Accidents,17635
37119,Mecklenburg County,County,1997,Auto and Truck Registrations,449918
37119,Mecklenburg County,County,1996,Auto and Truck Registrations,445588
37119,Mecklenburg County,County,2002,Unpaved Highway Mileage,21.65
37119,Mecklenburg County,County,2001,Persons Injured in Traffic Accidents,15729
37119,Mecklenburg County,County,2001,Traffic Accidents,27110
37119,Mecklenburg County,County,2018,Persons Injured in Traffic Accidents,12305
37119,Mecklenburg County,County,2018,Bicyclist Fatalities,4
37119,Mecklenburg County,County,2018,School Bus Accidents,203
37119,Mecklenburg County,County,2018,Paved Highway Mileage,970.91
37119,Mecklenburg County,County,2021,Pedestrians Injured,297
37119,Mecklenburg County,County,2022,Traffic Accidents,37177
37119,Mecklenburg County,County,2023,Alcohol Related Accidents,1026
37119,Mecklenburg County,County,2023,Pedestrians Injured,374
37119,Mecklenburg County,County,2024,Pedestrian Fatalities,40
37119,Mecklenburg County,County,2021,Accidents Caused by Exceeding Legal Speed,1584
37119,Mecklenburg County,County,2019,Traffic Accidents,40323
37119,Mecklenburg County,County,2020,Bicyclists Injured,79
37119,Mecklenburg County,County,2018,Alcohol Related Accidents,1056
37119,Mecklenburg County,County,2018,Pedestrian Fatalities,37
37119,Mecklenburg County,County,2017,Primary Highway Mileage,325.34
37119,Mecklenburg County,County,2024,Traffic Accident Fatalities,141
37119,Mecklenburg County,County,2024,Bicyclist Fatalities,4
37119,Mecklenburg County,County,2023,Motorcyclist Fatalities,10
37119,Mecklenburg County,County,2022,Persons Injured in Traffic Accidents,10428
37119,Mecklenburg County,County,2023,Accidents Caused by Exceeding Legal Speed,1711
37119,Mecklenburg County,County,2018,School Bus Average Mileage,17858
37119,Mecklenburg County,County,2015,Motorcyclists Injured,281
37119,Mecklenburg County,County,2016,Motorcyclist Fatalities,7
37119,Mecklenburg County,County,2016,Alcohol Related Accidents,1202
37119,Mecklenburg County,County,2017,Bicyclists Injured,125
37119,Mecklenburg County,County,2014,Bicyclist Fatalities,0
37119,Mecklenburg County,County,2014,Accidents Caused by Exceeding Legal Speed,1432
37119,Mecklenburg County,County,2014,Alcohol Related Accidents,1156
37119,Mecklenburg County,County,2017,Motorcyclist Fatalities,10
37119,Mecklenburg County,County,2013,Motorcyclist Fatalities,11
37119,Mecklenburg County,County,2011,Motorcyclists Injured,287
37119,Mecklenburg County,County,2006,Motorcyclists Injured,192
37119,Mecklenburg County,County,2007,Motorcyclists Injured,277
37119,Mecklenburg County,County,2007,Alcohol Related Accidents,1041
37119,Mecklenburg County,County,2010,Accidents Caused by Exceeding Legal Speed,1296
37119,Mecklenburg County,County,2009,School Bus Accidents,141
37119,Mecklenburg County,County,2008,Motorcyclists Injured,307
37119,Mecklenburg County,County,2005,Bicyclists Injured,53
37119,Mecklenburg County,County,2000,Accidents Caused by Exceeding Legal Speed,2350
37119,Mecklenburg County,County,1999,Accidents Caused by Exceeding Legal Speed,2248
37119,Mecklenburg County,County,2003,Motorcyclists Injured,163
37119,Mecklenburg County,County,2000,Motorcyclist Fatalities,11
37119,Mecklenburg County,County,1983,Accidents Caused by Exceeding Legal Speed,2177
37119,Mecklenburg County,County,1994,Bicyclists Injured,77
37119,Mecklenburg County,County,1981,Accidents Caused by Exceeding Legal Speed,1831
37119,Mecklenburg County,County,1980,Motorcyclists Injured,226
37119,Mecklenburg County,County,1992,Motorcyclist Fatalities,5
37119,Mecklenburg County,County,1991,Motorcyclist Fatalities,4
37119,Mecklenburg County,County,1989,School Bus Average Mileage,44187
37119,Mecklenburg County,County,1989,Alcohol Related Accidents,808
37119,Mecklenburg County,County,1989,School Bus Accidents,86
37119,Mecklenburg County,County,1998,Bicyclists Injured,117
37119,Mecklenburg County,County,1986,Accidents Caused by Exceeding Legal Speed,2775
37119,Mecklenburg County,County,1996,School Bus Accidents,136
37119,Mecklenburg County,County,1985,Accidents Caused by Exceeding Legal Speed,2522
37119,Mecklenburg County,County,1985,School Bus Accidents,113
37119,Mecklenburg County,County,1995,Vehicles Inspected,575211
37119,Mecklenburg County,County,1984,Motorcyclist Fatalities,8
37119,Mecklenburg County,County,2001,School Bus Accidents,208
37119,Mecklenburg County,County,2015,Traffic Accident Fatalities,75
37119,Mecklenburg County,County,2014,Paved Highway Mileage,959.21
37119,Mecklenburg County,County,2017,Traffic Accident Fatalities,104
37119,Mecklenburg County,County,2012,Primary Highway Mileage,319.76
37119,Mecklenburg County,County,2013,Persons Injured in Traffic Accidents,9634
37119,Mecklenburg County,County,2013,Traffic Accidents,26928
37119,Mecklenburg County,County,2011,Primary Highway Mileage,317.49
37119,Mecklenburg County,County,2012,Traffic Accidents,25293
37119,Mecklenburg County,County,2011,Traffic Accident Fatalities,68
37119,Mecklenburg County,County,2010,Secondary Highway Mileage,677.01
37119,Mecklenburg County,County,2007,Unpaved Highway Mileage,16.99
37119,Mecklenburg County,County,2007,Paved Highway Mileage,1009.91
37119,Mecklenburg County,County,2007,Primary Highway Mileage,305.66
37119,Mecklenburg County,County,2006,Traffic Accident Fatalities,89
37119,Mecklenburg County,County,2008,Secondary Highway Mileage,723.6
37119,Mecklenburg County,County,2010,Traffic Accidents,21456
37119,Mecklenburg County,County,2006,Auto and Truck Registrations,599571
37119,Mecklenburg County,County,2005,Persons Injured in Traffic Accidents,13863
37119,Mecklenburg County,County,2005,Traffic Accidents,25126
37119,Mecklenburg County,County,2005,Primary Highway Mileage,305.3
37119,Mecklenburg County,County,2004,Auto and Truck Registrations,548546
37119,Mecklenburg County,County,2003,Paved Highway Mileage,989.68
37119,Mecklenburg County,County,2002,Primary Highway Mileage,281.32
37119,Mecklenburg County,County,2000,Paved Highway Mileage,1003.76
37119,Mecklenburg County,County,1982,Paved Highway Mileage,1025.23
37119,Mecklenburg County,County,1993,Secondary Highway Mileage,810.83
37119,Mecklenburg County,County,1993,Primary Highway Mileage,259.13
37119,Mecklenburg County,County,1981,Auto and Truck Registrations,290053
37119,Mecklenburg County,County,1980,Primary Highway Mileage,259.33
37119,Mecklenburg County,County,1980,Persons Injured in Traffic Accidents,8560
37119,Mecklenburg County,County,1992,Primary Highway Mileage,259.31
37119,Mecklenburg County,County,1991,Primary Highway Mileage,259.28
37119,Mecklenburg County,County,1978,Auto and Truck Registrations,275949
37119,Mecklenburg County,County,1990,Paved Highway Mileage,1053
37119,Mecklenburg County,County,1990,Secondary Highway Mileage,858.08
37119,Mecklenburg County,County,1990,Traffic Accidents,20712
37119,Mecklenburg County,County,1975,Traffic Accident Fatalities,84
37119,Mecklenburg County,County,1989,Secondary Highway Mileage,829.99
37119,Mecklenburg County,County,1989,Auto and Truck Registrations,378171
37119,Mecklenburg County,County,1973,Traffic Accident Fatalities,66
37119,Mecklenburg County,County,1973,Persons Injured in Traffic Accidents,6361
37119,Mecklenburg County,County,1970,Persons Injured in Traffic Accidents,5569
37119,Mecklenburg County,County,1988,Unpaved Highway Mileage,78.06
37119,Mecklenburg County,County,1987,Traffic Accidents,19846
37119,Mecklenburg County,County,1985,Traffic Accidents,17072
37119,Mecklenburg County,County,1996,Paved Highway Mileage,1038.34
37119,Mecklenburg County,County,1996,Primary Highway Mileage,262.71
37119,Mecklenburg County,County,1996,Traffic Accident Fatalities,64
37119,Mecklenburg County,County,1996,Persons Injured in Traffic Accidents,17242
37119,Mecklenburg County,County,1984,Unpaved Highway Mileage,88.19
37119,Mecklenburg County,County,1984,Paved Highway Mileage,1044.81
37119,Mecklenburg County,County,1999,Primary Highway Mileage,281.29
37119,Mecklenburg County,County,2019,Traffic Accident Fatalities,90
37119,Mecklenburg County,County,2019,Pedestrian Accidents,396
37119,Mecklenburg County,County,2019,Pedestrians Injured,358
37119,Mecklenburg County,County,2019,Bicyclist Fatalities,1
37119,Mecklenburg County,County,2020,Traffic Accidents,30794
37119,Mecklenburg County,County,2020,Pedestrian Accidents,327
37119,Mecklenburg County,County,2020,Pedestrians Injured,292
37119,Mecklenburg County,County,2020,Pedestrian Fatalities,31
37119,Mecklenburg County,County,2020,Bicyclist Fatalities,4
37119,Mecklenburg County,County,2020,Motorcyclists Injured,182
37119,Mecklenburg County,County,2020,School Bus Accidents,70
37119,Mecklenburg County,County,2018,Traffic Accident Fatalities,107
37119,Mecklenburg County,County,2014,Secondary Highway Mileage,652.94
37119,Mecklenburg County,County,2012,Secondary Highway Mileage,657.33
37119,Mecklenburg County,County,2013,Traffic Accident Fatalities,61
37119,Mecklenburg County,County,2013,Secondary Highway Mileage,652.93
37119,Mecklenburg County,County,2013,Primary Highway Mileage,319.69
37119,Mecklenburg County,County,2013,Auto and Truck Registrations,641338
37119,Mecklenburg County,County,2012,Traffic Accident Fatalities,73
37119,Mecklenburg County,County,2007,Secondary Highway Mileage,721.24
37119,Mecklenburg County,County,2008,Traffic Accidents,25813
37119,Mecklenburg County,County,2010,Traffic Accident Fatalities,52
37119,Mecklenburg County,County,2010,Persons Injured in Traffic Accidents,13019
37119,Mecklenburg County,County,2006,Primary Highway Mileage,308.43
37119,Mecklenburg County,County,2005,Traffic Accident Fatalities,84
37119,Mecklenburg County,County,2004,Primary Highway Mileage,297.55
37119,Mecklenburg County,County,2003,Traffic Accident Fatalities,69
37119,Mecklenburg County,County,2003,Primary Highway Mileage,296.15
37119,Mecklenburg County,County,2002,Secondary Highway Mileage,736.48
37119,Mecklenburg County,County,1999,Persons Injured in Traffic Accidents,18261
37119,Mecklenburg County,County,1983,Unpaved Highway Mileage,90.84
37119,Mecklenburg County,County,1995,Paved Highway Mileage,1027.4
37119,Mecklenburg County,County,1995,Primary Highway Mileage,264.43
37119,Mecklenburg County,County,1995,Auto and Truck Registrations,435886
37119,Mecklenburg County,County,1994,Primary Highway Mileage,258.73
37119,Mecklenburg County,County,1982,Persons Injured in Traffic Accidents,9606
37119,Mecklenburg County,County,1993,Traffic Accident Fatalities,64
37119,Mecklenburg County,County,1981,Paved Highway Mileage,1041.94
37119,Mecklenburg County,County,1981,Secondary Highway Mileage,881.88
37119,Mecklenburg County,County,1992,Persons Injured in Traffic Accidents,13848
37119,Mecklenburg County,County,1991,Secondary Highway Mileage,847.98
37119,Mecklenburg County,County,1991,Traffic Accident Fatalities,68
37119,Mecklenburg County,County,1977,Traffic Accidents,12921
37119,Mecklenburg County,County,1977,Auto and Truck Registrations,258320
37119,Mecklenburg County,County,1990,Traffic Accident Fatalities,73
37119,Mecklenburg County,County,1989,Unpaved Highway Mileage,73.83
37119,Mecklenburg County,County,1989,Persons Injured in Traffic Accidents,14110
37119,Mecklenburg County,County,1970,Auto and Truck Registrations,187978
37119,Mecklenburg County,County,1988,Persons Injured in Traffic Accidents,12519
37119,Mecklenburg County,County,1988,Traffic Accidents,20548
37119,Mecklenburg County,County,1998,Primary Highway Mileage,273.92
37119,Mecklenburg County,County,1998,Persons Injured in Traffic Accidents,17826
37119,Mecklenburg County,County,1998,Auto and Truck Registrations,469333
37119,Mecklenburg County,County,1986,Secondary Highway Mileage,868.81
37119,Mecklenburg County,County,1986,Traffic Accidents,18044
37119,Mecklenburg County,County,1999,Unpaved Highway Mileage,24.48
37119,Mecklenburg County,County,2017,Unpaved Highway Mileage,13.42
37119,Mecklenburg County,County,2023,Persons Injured in Traffic Accidents,10596
37119,Mecklenburg County,County,2022,Alcohol Related Accidents,1035
37119,Mecklenburg County,County,2022,Bicyclists Injured,91
37119,Mecklenburg County,County,2021,Persons Injured in Traffic Accidents,10462
37119,Mecklenburg County,County,2021,Motorcyclist Fatalities,17
37119,Mecklenburg County,County,2019,Paved Highway Mileage,973.51
37119,Mecklenburg County,County,2016,Vehicles Inspected,757978
37119,Mecklenburg County,County,2014,Vehicles Inspected,724171
37119,Mecklenburg County,County,2016,Accidents Caused by Exceeding Legal Speed,1573
37119,Mecklenburg County,County,2017,Motorcyclists Injured,252
37119,Mecklenburg County,County,2017,Bicyclist Fatalities,5
37119,Mecklenburg County,County,2017,Accidents Caused by Exceeding Legal Speed,1591
37119,Mecklenburg County,County,2014,Motorcyclist Fatalities,14
37119,Mecklenburg County,County,2014,Bicyclists Injured,4
37119,Mecklenburg County,County,2013,School Bus Average Mileage,19245
37119,Mecklenburg County,County,2015,School Bus Accidents,167
37119,Mecklenburg County,County,2011,Accidents Caused by Exceeding Legal Speed,1257
37119,Mecklenburg County,County,2013,Bicyclists Injured,4
37119,Mecklenburg County,County,2007,Accidents Caused by Exceeding Legal Speed,1518
37119,Mecklenburg County,County,2009,Motorcyclists Injured,230
37119,Mecklenburg County,County,2010,School Bus Accidents,142
37119,Mecklenburg County,County,2005,Accidents Caused by Exceeding Legal Speed,1869
37119,Mecklenburg County,County,2004,School Bus Average Mileage,125034
37119,Mecklenburg County,County,2004,Alcohol Related Accidents,1074
37119,Mecklenburg County,County,2004,Accidents Caused by Exceeding Legal Speed,2025
37119,Mecklenburg County,County,2001,Accidents Caused by Exceeding Legal Speed,1798
37119,Mecklenburg County,County,1994,Accidents Caused by Exceeding Legal Speed,2014
37119,Mecklenburg County,County,2004,School Bus Accidents,243
37119,Mecklenburg County,County,2002,Motorcyclists Injured,176
37119,Mecklenburg County,County,2002,Alcohol Related Accidents,1156
37119,Mecklenburg County,County,2002,School Bus Accidents,229
37119,Mecklenburg County,County,2002,Vehicles Inspected,486742
37119,Mecklenburg County,County,1999,Bicyclist Fatalities,0
37119,Mecklenburg County,County,1983,School Bus Average Mileage,36778
37119,Mecklenburg County,County,1983,Bicyclist Fatalities,2
37119,Mecklenburg County,County,1983,Alcohol Related Accidents,1043
37119,Mecklenburg County,County,1983,Bicyclists Injured,111
37119,Mecklenburg County,County,1982,Motorcyclist Fatalities,6
37119,Mecklenburg County,County,1993,Vehicles Inspected,490289
37119,Mecklenburg County,County,1981,Motorcyclists Injured,180
37119,Mecklenburg County,County,1991,Motorcyclists Injured,134
37119,Mecklenburg County,County,1991,School Bus Accidents,94
37119,Mecklenburg County,County,1989,Motorcyclists Injured,108
37119,Mecklenburg County,County,1989,Bicyclist Fatalities,0
37119,Mecklenburg County,County,1989,Bicyclists Injured,52
37119,Mecklenburg County,County,1989,Vehicles Inspected,588731
37119,Mecklenburg County,County,1988,School Bus Average Mileage,42782
37119,Mecklenburg County,County,1987,Alcohol Related Accidents,927
37119,Mecklenburg County,County,1997,School Bus Average Mileage,75980
37119,Mecklenburg County,County,1997,Motorcyclists Injured,169
37119,Mecklenburg County,County,1996,Alcohol Related Accidents,825
37119,Mecklenburg County,County,1985,Alcohol Related Accidents,1027
37119,Mecklenburg County,County,1985,Bicyclists Injured,55
37119,Mecklenburg County,County,1984,Motorcyclists Injured,219
37119,Mecklenburg County,County,1984,Accidents Caused by Exceeding Legal Speed,2253
37119,Mecklenburg County,County,2000,Alcohol Related Accidents,1401
37119,Mecklenburg County,County,2015,Bicyclist Fatalities,0
37119,Mecklenburg County,County,2015,Alcohol Related Accidents,1221
37119,Mecklenburg County,County,2016,Bicyclist Fatalities,0
37119,Mecklenburg County,County,2016,Bicyclists Injured,79
37119,Mecklenburg County,County,2017,School Bus Average Mileage,17985
37119,Mecklenburg County,County,2015,Accidents Caused by Exceeding Legal Speed,1818
37119,Mecklenburg County,County,2022,Bicyclist Fatalities,0
37119,Mecklenburg County,County,2011,School Bus Average Mileage,18968
37119,Mecklenburg County,County,2009,School Bus Average Mileage,18958
37119,Mecklenburg County,County,2012,Vehicles Inspected,827431
37119,Mecklenburg County,County,2012,School Bus Accidents,157
37119,Mecklenburg County,County,2006,Bicyclists Injured,62
37119,Mecklenburg County,County,2009,Alcohol Related Accidents,850
37119,Mecklenburg County,County,2008,Motorcyclist Fatalities,5
37119,Mecklenburg County,County,2008,School Bus Accidents,331
37119,Mecklenburg County,County,2006,School Bus Average Mileage,126108
37119,Mecklenburg County,County,2004,Motorcyclist Fatalities,15
37119,Mecklenburg County,County,2002,Motorcyclist Fatalities,7
37119,Mecklenburg County,County,2014,Auto and Truck Registrations,667092
37119,Mecklenburg County,County,2002,School Bus Average Mileage,83303
37119,Mecklenburg County,County,2015,Persons Injured in Traffic Accidents,11801
37119,Mecklenburg County,County,1999,Bicyclists Injured,105
37119,Mecklenburg County,County,2016,Traffic Accidents,37348
37119,Mecklenburg County,County,1983,School Bus Accidents,127
37119,Mecklenburg County,County,2017,Persons Injured in Traffic Accidents,12203
37119,Mecklenburg County,County,1982,Bicyclist Fatalities,0
37119,Mecklenburg County,County,2016,Auto and Truck Registrations,697198
37119,Mecklenburg County,County,1982,Bicyclists Injured,119
37119,Mecklenburg County,County,2016,Secondary Highway Mileage,657.08
37119,Mecklenburg County,County,1993,Motorcyclists Injured,148
37119,Mecklenburg County,County,2011,Unpaved Highway Mileage,14.5
37119,Mecklenburg County,County,1993,School Bus Accidents,89
37119,Mecklenburg County,County,2013,Paved Highway Mileage,959.2
37119,Mecklenburg County,County,1981,Bicyclist Fatalities,1
37119,Mecklenburg County,County,2011,Persons Injured in Traffic Accidents,14069
37119,Mecklenburg County,County,1990,Bicyclists Injured,64
37119,Mecklenburg County,County,2010,Unpaved Highway Mileage,14.93
37119,Mecklenburg County,County,1990,Vehicles Inspected,509912
37119,Mecklenburg County,County,2010,Primary Highway Mileage,317.98
37119,Mecklenburg County,County,1987,School Bus Average Mileage,41354
37119,Mecklenburg County,County,2008,Traffic Accident Fatalities,78
37119,Mecklenburg County,County,1998,Motorcyclist Fatalities,8
37119,Mecklenburg County,County,2005,Paved Highway Mileage,992.67
37119,Mecklenburg County,County,1986,School Bus Average Mileage,40549
37119,Mecklenburg County,County,2004,Secondary Highway Mileage,730.21
37119,Mecklenburg County,County,1986,Alcohol Related Accidents,1056
37119,Mecklenburg County,County,2004,Paved Highway Mileage,1027.76
37119,Mecklenburg County,County,1997,School Bus Accidents,117
37119,Mecklenburg County,County,2003,Auto and Truck Registrations,533658
37119,Mecklenburg County,County,1996,School Bus Average Mileage,64676
37119,Mecklenburg County,County,2002,Persons Injured in Traffic Accidents,15514
37119,Mecklenburg County,County,1996,Bicyclists Injured,89
37119,Mecklenburg County,County,1999,Traffic Accident Fatalities,71
37119,Mecklenburg County,County,1985,Motorcyclists Injured,176
37119,Mecklenburg County,County,2000,Unpaved Highway Mileage,24.48
37119,Mecklenburg County,County,1995,Bicyclists Injured,101
37119,Mecklenburg County,County,2000,Secondary Highway Mileage,746.95
37119,Mecklenburg County,County,1995,School Bus Accidents,104
37119,Mecklenburg County,County,1982,Traffic Accident Fatalities,59
37119,Mecklenburg County,County,1984,Alcohol Related Accidents,1073
37119,Mecklenburg County,County,1993,Traffic Accidents,20881
37119,Mecklenburg County,County,2001,Bicyclist Fatalities,0
37119,Mecklenburg County,County,1993,Auto and Truck Registrations,408718
37119,Mecklenburg County,County,1981,Traffic Accident Fatalities,89
37119,Mecklenburg County,County,1980,Paved Highway Mileage,1035.69
37119,Mecklenburg County,County,1992,Traffic Accident Fatalities,55
37119,Mecklenburg County,County,1992,Auto and Truck Registrations,394842
37119,Mecklenburg County,County,1979,Traffic Accidents,14766
37119,Mecklenburg County,County,1978,Traffic Accident Fatalities,82
37119,Mecklenburg County,County,1978,Persons Injured in Traffic Accidents,9105
37119,Mecklenburg County,County,1978,Traffic Accidents,14489
37119,Mecklenburg County,County,1976,Auto and Truck Registrations,252316
37119,Mecklenburg County,County,1990,Persons Injured in Traffic Accidents,13995
37119,Mecklenburg County,County,1975,Traffic Accidents,11221
37119,Mecklenburg County,County,1975,Auto and Truck Registrations,238611
37119,Mecklenburg County,County,1974,Auto and Truck Registrations,241196
37119,Mecklenburg County,County,1988,Auto and Truck Registrations,368271
37119,Mecklenburg County,County,1987,Paved Highway Mileage,1011.45
37119,Mecklenburg County,County,1987,Persons Injured in Traffic Accidents,12572
37119,Mecklenburg County,County,1997,Unpaved Highway Mileage,29.03
37119,Mecklenburg County,County,2018,Accidents Caused by Exceeding Legal Speed,1903
37119,Mecklenburg County,County,1985,Unpaved Highway Mileage,86.86
37119,Mecklenburg County,County,2001,Traffic Accident Fatalities,58
37119,Mecklenburg County,County,2020,Accidents Caused by Exceeding Legal Speed,1747
37119,Mecklenburg County,County,2024,Traffic Accidents,37228
37119,Mecklenburg County,County,2024,Alcohol Related Accidents,922
37119,Mecklenburg County,County,2024,Pedestrians Injured,407
37119,Mecklenburg County,County,2014,Persons Injured in Traffic Accidents,10288
37119,Mecklenburg County,County,2014,Traffic Accidents,29108
37119,Mecklenburg County,County,2014,Primary Highway Mileage,319.69
37119,Mecklenburg County,County,2012,Paved Highway Mileage,963.63
37119,Mecklenburg County,County,2013,Unpaved Highway Mileage,13.42
37119,Mecklenburg County,County,2012,Persons Injured in Traffic Accidents,15403
37119,Mecklenburg County,County,2006,Traffic Accidents,23956
37119,Mecklenburg County,County,2008,Persons Injured in Traffic Accidents,13550
37119,Mecklenburg County,County,2009,Traffic Accident Fatalities,78
37119,Mecklenburg County,County,2006,Unpaved Highway Mileage,17.1
37119,Mecklenburg County,County,2006,Secondary Highway Mileage,707.35
37119,Mecklenburg County,County,2005,Auto and Truck Registrations,571243
37119,Mecklenburg County,County,2004,Unpaved Highway Mileage,18.12
37119,Mecklenburg County,County,2001,Primary Highway Mileage,281.32
37119,Mecklenburg County,County,2002,Traffic Accidents,27344
37119,Mecklenburg County,County,1999,Traffic Accidents,27294
37119,Mecklenburg County,County,1983,Secondary Highway Mileage,853.07
37119,Mecklenburg County,County,1983,Traffic Accident Fatalities,70
37119,Mecklenburg County,County,1983,Traffic Accidents,15872
37119,Mecklenburg County,County,1994,Paved Highway Mileage,1023.59
37119,Mecklenburg County,County,1994,Secondary Highway Mileage,811.94
37119,Mecklenburg County,County,1982,Unpaved Highway Mileage,95.05
37119,Mecklenburg County,County,1982,Secondary Highway Mileage,855.45
37119,Mecklenburg County,County,1982,Auto and Truck Registrations,294270
37119,Mecklenburg County,County,1993,Unpaved Highway Mileage,49.15
37119,Mecklenburg County,County,1980,Traffic Accidents,14079
37119,Mecklenburg County,County,1992,Traffic Accidents,20054
37119,Mecklenburg County,County,1979,Traffic Accident Fatalities,79
37119,Mecklenburg County,County,1991,Traffic Accidents,18611
37119,Mecklenburg County,County,1991,Auto and Truck Registrations,384301
37119,Mecklenburg County,County,1977,Persons Injured in Traffic Accidents,8152
37119,Mecklenburg County,County,1976,Traffic Accidents,12278
37119,Mecklenburg County,County,1990,Auto and Truck Registrations,384562
37119,Mecklenburg County,County,1974,Traffic Accident Fatalities,69
37119,Mecklenburg County,County,1973,Auto and Truck Registrations,227512
37119,Mecklenburg County,County,1972,Traffic Accident Fatalities,82
37119,Mecklenburg County,County,1972,Traffic Accidents,12413
37119,Mecklenburg County,County,1971,Traffic Accident Fatalities,95
37119,Mecklenburg County,County,1971,Persons Injured in Traffic Accidents,5714
37119,Mecklenburg County,County,1987,Unpaved Highway Mileage,77.03
37119,Mecklenburg County,County,1987,Primary Highway Mileage,260.13
37119,Mecklenburg County,County,2000,Auto and Truck Registrations,508766
37119,Mecklenburg County,County,1999,Auto and Truck Registrations,490781
37119,Mecklenburg County,County,1998,Unpaved Highway Mileage,29.03
37119,Mecklenburg County,County,1986,Unpaved Highway Mileage,83.19
37119,Mecklenburg County,County,1984,Secondary Highway Mileage,872.67
37119,Mecklenburg County,County,1984,Traffic Accident Fatalities,81
37119,Mecklenburg County,County,1984,Persons Injured in Traffic Accidents,10872
37119,Mecklenburg County,County,1999,Paved Highway Mileage,1003.76
37119,Mecklenburg County,County,2021,Unpaved Highway Mileage,11.17
37119,Mecklenburg County,County,2023,Primary Highway Mileage,323.34
37119,Mecklenburg County,County,2023,Traffic Accident Fatalities,111
37119,Mecklenburg County,County,2023,Pedestrian Accidents,406
37119,Mecklenburg County,County,2023,Pedestrian Fatalities,26
37119,Mecklenburg County,County,2022,Traffic Accident Fatalities,126
37119,Mecklenburg County,County,2022,School Bus Accidents,213
37119,Mecklenburg County,County,2022,Accidents Caused by Exceeding Legal Speed,1818
37119,Mecklenburg County,County,2019,School Bus Average Mileage,17647
37119,Mecklenburg County,County,2018,Traffic Accidents,39798
37119,Mecklenburg County,County,2019,Motorcyclists Injured,212
37119,Mecklenburg County,County,2020,Traffic Accident Fatalities,120
37119,Mecklenburg County,County,2020,Motorcyclist Fatalities,13
37119,Mecklenburg County,County,2017,School Bus Accidents,229
37119,Mecklenburg County,County,2018,Secondary Highway Mileage,657.33
37119,Mecklenburg County,County,2022,Pedestrian Fatalities,31
37119,Mecklenburg County,County,2023,Traffic Accidents,37900
37119,Mecklenburg County,County,2024,Primary Highway Mileage,323.35
37119,Mecklenburg County,County,2023,Unpaved Highway Mileage,11.17
37119,Mecklenburg County,County,2024,Secondary Highway Mileage,656.71
37119,Mecklenburg County,County,2016,Motorcyclists Injured,259
37119,Mecklenburg County,County,2017,Alcohol Related Accidents,1108
37119,Mecklenburg County,County,2014,Motorcyclists Injured,290
37119,Mecklenburg County,County,2015,School Bus Average Mileage,17769
37119,Mecklenburg County,County,2013,Bicyclist Fatalities,0
37119,Mecklenburg County,County,2011,Vehicles Inspected,823187
37119,Mecklenburg County,County,2008,Vehicles Inspected,752077
37119,Mecklenburg County,County,2012,Bicyclists Injured,10
37119,Mecklenburg County,County,2011,Bicyclist Fatalities,0
37119,Mecklenburg County,County,2011,School Bus Accidents,143
37119,Mecklenburg County,County,2006,Alcohol Related Accidents,913
37119,Mecklenburg County,County,2010,Bicyclists Injured,43
37119,Mecklenburg County,County,2009,Bicyclist Fatalities,1
37119,Mecklenburg County,County,2008,Alcohol Related Accidents,1043
37119,Mecklenburg County,County,2003,Accidents Caused by Exceeding Legal Speed,2070
37119,Mecklenburg County,County,1993,Accidents Caused by Exceeding Legal Speed,1955
37119,Mecklenburg County,County,1991,Accidents Caused by Exceeding Legal Speed,3195
37119,Mecklenburg County,County,2004,Motorcyclists Injured,199
37119,Mecklenburg County,County,2003,School Bus Average Mileage,112807
37119,Mecklenburg County,County,2003,Motorcyclist Fatalities,5
37119,Mecklenburg County,County,2003,Alcohol Related Accidents,1097
37119,Mecklenburg County,County,1999,Motorcyclist Fatalities,11
37119,Mecklenburg County,County,2000,Bicyclists Injured,78
37119,Mecklenburg County,County,1983,Motorcyclist Fatalities,3
37119,Mecklenburg County,County,1983,Motorcyclists Injured,205
37119,Mecklenburg County,County,1994,Motorcyclist Fatalities,5
37119,Mecklenburg County,County,1994,School Bus Accidents,119
37119,Mecklenburg County,County,1981,Alcohol Related Accidents,1105
37119,Mecklenburg County,County,1980,Motorcyclist Fatalities,7
37119,Mecklenburg County,County,1980,Accidents Caused by Exceeding Legal Speed,1915
37119,Mecklenburg County,County,1980,Bicyclists Injured,95
37119,Mecklenburg County,County,1992,School Bus Accidents,80
37119,Mecklenburg County,County,1991,Bicyclist Fatalities,1
37119,Mecklenburg County,County,1990,Alcohol Related Accidents,920
37119,Mecklenburg County,County,1989,Motorcyclist Fatalities,0
37119,Mecklenburg County,County,1988,Accidents Caused by Exceeding Legal Speed,3058
37119,Mecklenburg County,County,1988,Vehicles Inspected,574138
37119,Mecklenburg County,County,1987,Motorcyclists Injured,160
37119,Mecklenburg County,County,1987,School Bus Accidents,104
37119,Mecklenburg County,County,1998,Alcohol Related Accidents,963
37119,Mecklenburg County,County,1986,Bicyclists Injured,46
37119,Mecklenburg County,County,1996,Motorcyclist Fatalities,4
37119,Mecklenburg County,County,2001,Motorcyclists Injured,193
37119,Mecklenburg County,County,2001,Alcohol Related Accidents,1383
37119,Mecklenburg County,County,1999,Vehicles Inspected,632126
37119,Mecklenburg County,County,2001,Vehicles Inspected,571445
37119,Mecklenburg County,County,2021,Paved Highway Mileage,968.7
37119,Mecklenburg County,County,2020,Unpaved Highway Mileage,11.5
37119,Mecklenburg County,County,2021,Secondary Highway Mileage,656.38
37119,Mecklenburg County,County,2023,Paved Highway Mileage,968.34
37119,Mecklenburg County,County,2020,Secondary Highway Mileage,658.52
37119,Mecklenburg County,County,2022,Secondary Highway Mileage,656.97
37119,Mecklenburg County,County,2024,Bicyclists Injured,118
37119,Mecklenburg County,County,2024,Motorcyclists Injured,236
37119,Mecklenburg County,County,2018,Pedestrian Accidents,466
37119,Mecklenburg County,County,2018,Pedestrians Injured,426
37119,Mecklenburg County,County,2019,School Bus Accidents,228
37119,Mecklenburg County,County,2018,Unpaved Highway Mileage,11.79
37119,Mecklenburg County,County,2018,Primary Highway Mileage,325.36
37119,Mecklenburg County,County,2017,Paved Highway Mileage,970.92
37119,Mecklenburg County,County,2021,Traffic Accidents,36425
37119,Mecklenburg County,County,2021,Pedestrian Accidents,332
37119,Mecklenburg County,County,2021,Bicyclist Fatalities,2
37119,Mecklenburg County,County,2019,Primary Highway Mileage,325.36
37119,Mecklenburg County,County,2019,Secondary Highway Mileage,659.72
37119,Mecklenburg County,County,2013,Vehicles Inspected,849255
37119,Mecklenburg County,County,2012,Accidents Caused by Exceeding Legal Speed,1079
37119,Mecklenburg County,County,2010,Vehicles Inspected,751622
37119,Mecklenburg County,County,2012,Motorcyclist Fatalities,6
37119,Mecklenburg County,County,2011,Motorcyclist Fatalities,14
37119,Mecklenburg County,County,2011,Alcohol Related Accidents,913
37119,Mecklenburg County,County,2011,Bicyclists Injured,67
37119,Mecklenburg County,County,2006,School Bus Accidents,241
37119,Mecklenburg County,County,2007,School Bus Accidents,315
37119,Mecklenburg County,County,2010,Motorcyclists Injured,240
37119,Mecklenburg County,County,2009,Motorcyclist Fatalities,5
37119,Mecklenburg County,County,2009,Accidents Caused by Exceeding Legal Speed,1576
37119,Mecklenburg County,County,2007,School Bus Average Mileage,19058
37119,Mecklenburg County,County,2005,Vehicles Inspected,670253
37119,Mecklenburg County,County,2005,School Bus Accidents,275
37119,Mecklenburg County,County,2002,Accidents Caused by Exceeding Legal Speed,2147
37119,Mecklenburg County,County,1998,Accidents Caused by Exceeding Legal Speed,2120
37119,Mecklenburg County,County,1995,Accidents Caused by Exceeding Legal Speed,2152
37119,Mecklenburg County,County,2003,Bicyclist Fatalities,2
37119,Mecklenburg County,County,2002,Bicyclists Injured,51
37119,Mecklenburg County,County,2003,School Bus Accidents,264
37119,Mecklenburg County,County,1998,School Bus Average Mileage,77210
37119,Mecklenburg County,County,1999,School Bus Average Mileage,87463
37119,Mecklenburg County,County,1999,Alcohol Related Accidents,1021
37119,Mecklenburg County,County,1994,School Bus Average Mileage,60920
37119,Mecklenburg County,County,1994,Motorcyclists Injured,123
37119,Mecklenburg County,County,1993,Motorcyclist Fatalities,4
37119,Mecklenburg County,County,1993,Alcohol Related Accidents,704
37119,Mecklenburg County,County,1993,Bicyclists Injured,74
37119,Mecklenburg County,County,1981,Motorcyclist Fatalities,6
37119,Mecklenburg County,County,1981,Bicyclists Injured,94
37119,Mecklenburg County,County,1992,School Bus Average Mileage,47222
37119,Mecklenburg County,County,1990,Bicyclist Fatalities,2
37119,Mecklenburg County,County,1988,Alcohol Related Accidents,821
37119,Mecklenburg County,County,1988,School Bus Accidents,82
37119,Mecklenburg County,County,1987,Bicyclist Fatalities,1
37119,Mecklenburg County,County,1987,Accidents Caused by Exceeding Legal Speed,3050
37119,Mecklenburg County,County,1987,Bicyclists Injured,57
37119,Mecklenburg County,County,1998,Bicyclist Fatalities,2
37119,Mecklenburg County,County,1998,School Bus Accidents,136
37119,Mecklenburg County,County,1986,Motorcyclists Injured,197
37119,Mecklenburg County,County,1997,Motorcyclist Fatalities,3
37119,Mecklenburg County,County,1996,Bicyclist Fatalities,1
37119,Mecklenburg County,County,1996,Vehicles Inspected,509078
37119,Mecklenburg County,County,1995,Motorcyclists Injured,135
37119,Mecklenburg County,County,1997,Vehicles Inspected,559178
37119,Mecklenburg County,County,2015,Motorcyclist Fatalities,6
37119,Mecklenburg County,County,2013,Motorcyclists Injured,250
37119,Mecklenburg County,County,2013,Alcohol Related Accidents,1048
37119,Mecklenburg County,County,2013,School Bus Accidents,156
37119,Mecklenburg County,County,2006,Motorcyclist Fatalities,13
37119,Mecklenburg County,County,2006,Accidents Caused by Exceeding Legal Speed,1428
37119,Mecklenburg County,County,2007,Motorcyclist Fatalities,11
37119,Mecklenburg County,County,2007,Bicyclist Fatalities,0
37119,Mecklenburg County,County,2008,Accidents Caused by Exceeding Legal Speed,1403
37119,Mecklenburg County,County,2008,School Bus Average Mileage,19178
37119,Mecklenburg County,County,2006,Vehicles Inspected,689567
37119,Mecklenburg County,County,2003,Vehicles Inspected,633179
37119,Mecklenburg County,County,2005,Motorcyclists Injured,220
37119,Mecklenburg County,County,2005,Bicyclist Fatalities,2
37119,Mecklenburg County,County,2005,Alcohol Related Accidents,1033
37119,Mecklenburg County,County,2004,Bicyclists Injured,53
37119,Mecklenburg County,County,1996,Accidents Caused by Exceeding Legal Speed,2194
37119,Mecklenburg County,County,2000,Motorcyclists Injured,183
37119,Mecklenburg County,County,2000,School Bus Average Mileage,86402
37119,Mecklenburg County,County,1982,Motorcyclists Injured,197
37119,Mecklenburg County,County,1982,Accidents Caused by Exceeding Legal Speed,2239
37119,Mecklenburg County,County,1981,School Bus Accidents,133
37119,Mecklenburg County,County,1980,School Bus Accidents,177
37119,Mecklenburg County,County,1992,Bicyclist Fatalities,1
37119,Mecklenburg County,County,1992,Bicyclists Injured,49
37119,Mecklenburg County,County,1991,School Bus Average Mileage,46743
37119,Mecklenburg County,County,1991,Bicyclists Injured,61
37119,Mecklenburg County,County,1991,Vehicles Inspected,499104
37119,Mecklenburg County,County,1990,School Bus Average Mileage,46699
37119,Mecklenburg County,County,1990,Motorcyclist Fatalities,3
37119,Mecklenburg County,County,1988,Bicyclists Injured,49
37119,Mecklenburg County,County,1997,Bicyclist Fatalities,1
37119,Mecklenburg County,County,1996,Motorcyclists Injured,170
37119,Mecklenburg County,County,1985,School Bus Average Mileage,41222
37119,Mecklenburg County,County,1995,Bicyclist Fatalities,1
37119,Mecklenburg County,County,1984,Bicyclist Fatalities,1
37119,Mecklenburg County,County,2001,Motorcyclist Fatalities,8
37119,Mecklenburg County,County,2001,Bicyclists Injured,48
37119,Mecklenburg County,County,2015,Traffic Accidents,33916
37119,Mecklenburg County,County,2016,Unpaved Highway Mileage,13.41
37119,Mecklenburg County,County,2011,Traffic Accidents,23621
37119,Mecklenburg County,County,2010,Paved Highway Mileage,980.07
37119,Mecklenburg County,County,2008,Primary Highway Mileage,305.66
37119,Mecklenburg County,County,2006,Paved Highway Mileage,998.68
37119,Mecklenburg County,County,2005,Secondary Highway Mileage,704.85
37119,Mecklenburg County,County,2002,Paved Highway Mileage,987.88
37119,Mecklenburg County,County,2001,Paved Highway Mileage,987.88
37119,Mecklenburg County,County,1983,Primary Highway Mileage,263.27
37119,Mecklenburg County,County,1994,Unpaved Highway Mileage,47.08
37119,Mecklenburg County,County,1994,Persons Injured in Traffic Accidents,15818
37119,Mecklenburg County,County,1994,Traffic Accidents,23206
37119,Mecklenburg County,County,1994,Auto and Truck Registrations,426223
37119,Mecklenburg County,County,1981,Unpaved Highway Mileage,98.36
37119,Mecklenburg County,County,1992,Unpaved Highway Mileage,54.27
37119,Mecklenburg County,County,1976,Traffic Accident Fatalities,70
37119,Mecklenburg County,County,1990,Unpaved Highway Mileage,64.11
37119,Mecklenburg County,County,1975,Persons Injured in Traffic Accidents,6811
37119,Mecklenburg County,County,1974,Traffic Accidents,11102
37119,Mecklenburg County,County,1970,Traffic Accidents,11892
37119,Mecklenburg County,County,1988,Secondary Highway Mileage,849.42
37119,Mecklenburg County,County,1971,Auto and Truck Registrations,209137
37119,Mecklenburg County,County,1987,Secondary Highway Mileage,828.35
37119,Mecklenburg County,County,1986,Paved Highway Mileage,1045.75
37119,Mecklenburg County,County,1985,Secondary Highway Mileage,857.53
37119,Mecklenburg County,County,1985,Traffic Accident Fatalities,56
37119,Mecklenburg County,County,1996,Traffic Accidents,23213
37119,Mecklenburg County,County,1984,Primary Highway Mileage,260.33
37119,Mecklenburg County,County,2002,Auto and Truck Registrations,524474
37119,Mecklenburg County,County,2001,Auto and Truck Registrations,512017
37119,Mecklenburg County,County,1999,Secondary Highway Mileage,746.95
37119,Mecklenburg County,County,2016,Persons Injured in Traffic Accidents,12438
37119,Mecklenburg County,County,2014,Unpaved Highway Mileage,13.42
37119,Mecklenburg County,County,2016,Primary Highway Mileage,325.34
37119,Mecklenburg County,County,2012,Unpaved Highway Mileage,13.47
37119,Mecklenburg County,County,2012,Auto and Truck Registrations,625910
37119,Mecklenburg County,County,2009,Auto and Truck Registrations,615500
37119,Mecklenburg County,County,2008,Unpaved Highway Mileage,15.81
37119,Mecklenburg County,County,2007,Traffic Accident Fatalities,92
37119,Mecklenburg County,County,2007,Traffic Accidents,26705
37119,Mecklenburg County,County,2009,Traffic Accidents,20814
37119,Mecklenburg County,County,2004,Traffic Accident Fatalities,72
37119,Mecklenburg County,County,2003,Traffic Accidents,27760
37119,Mecklenburg County,County,2003,Unpaved Highway Mileage,19.61
37119,Mecklenburg County,County,1994,Traffic Accident Fatalities,63
37119,Mecklenburg County,County,1982,Traffic Accidents,15692
37119,Mecklenburg County,County,1993,Paved Highway Mileage,1020.81
37119,Mecklenburg County,County,1981,Primary Highway Mileage,258.42
37119,Mecklenburg County,County,1981,Traffic Accidents,14688
37119,Mecklenburg County,County,1980,Traffic Accident Fatalities,74
37119,Mecklenburg County,County,1992,Paved Highway Mileage,1066.53
37119,Mecklenburg County,County,1979,Persons Injured in Traffic Accidents,9130
37119,Mecklenburg County,County,1991,Unpaved Highway Mileage,56.71
37119,Mecklenburg County,County,1991,Paved Highway Mileage,1050.55
37119,Mecklenburg County,County,1977,Traffic Accident Fatalities,56
37119,Mecklenburg County,County,1974,Persons Injured in Traffic Accidents,6175
37119,Mecklenburg County,County,1989,Primary Highway Mileage,258.48
37119,Mecklenburg County,County,1973,Traffic Accidents,12044
37119,Mecklenburg County,County,1972,Persons Injured in Traffic Accidents,5681
37119,Mecklenburg County,County,1972,Auto and Truck Registrations,213687
37119,Mecklenburg County,County,1988,Traffic Accident Fatalities,68
37119,Mecklenburg County,County,1998,Traffic Accidents,25831
37119,Mecklenburg County,County,1997,Secondary Highway Mileage,761.83
37119,Mecklenburg County,County,1997,Traffic Accident Fatalities,57
37119,Mecklenburg County,County,1997,Traffic Accidents,24875
37119,Mecklenburg County,County,1985,Paved Highway Mileage,1030.8
37119,Mecklenburg County,County,1985,Persons Injured in Traffic Accidents,11803
37119,Mecklenburg County,County,1996,Unpaved Highway Mileage,44.05
37119,Mecklenburg County,County,1984,Auto and Truck Registrations,315051
37119,Mecklenburg County,County,2020,Primary Highway Mileage,325.35
37119,Mecklenburg County,County,2022,Paved Highway Mileage,969.3
37119,Mecklenburg County,County,2022,Unpaved Highway Mileage,11.17
37119,Mecklenburg County,County,2022,Primary Highway Mileage,323.48
37119,Mecklenburg County,County,2023,Secondary Highway Mileage,656.15
37119,Mecklenburg County,County,2024,Paved Highway Mileage,968.9
37119,Mecklenburg County,County,2021,Primary Highway Mileage,323.48
37119,Mecklenburg County,County,2020,Paved Highway Mileage,972.38
37119,Mecklenburg County,County,2024,Unpaved Highway Mileage,11.17
