Geo_ID;Area Name;Area Type;Year;Variable;Value
37119;Mecklenburg County;County;2021;Traffic Accident Fatalities;128.0
37119;Mecklenburg County;County;2021;School Bus Accidents;115.0
37119;Mecklenburg County;County;2021;Motorcyclists Injured;203.0
37119;Mecklenburg County;County;2019;Unpaved Highway Mileage;11.57
37119;Mecklenburg County;County;2019;Alcohol Related Accidents;1023.0
37119;Mecklenburg County;County;2019;Motorcyclist Fatalities;13.0
37119;Mecklenburg County;County;2018;Bicyclists Injured;112.0
37119;Mecklenburg County;County;2020;Persons Injured in Traffic Accidents;9412.0
37119;Mecklenburg County;County;2022;Pedestrian Accidents;356.0
37119;Mecklenburg County;County;2022;Motorcyclists Injured;192.0
37119;Mecklenburg County;County;2024;Pedestrian Accidents;454.0
37119;Mecklenburg County;County;2024;Motorcyclist Fatalities;17.0
37119;Mecklenburg County;County;2023;Bicyclists Injured;113.0
37119;Mecklenburg County;County;2023;Bicyclist Fatalities;2.0
37119;Mecklenburg County;County;2023;School Bus Accidents;193.0
37119;Mecklenburg County;County;2015;Vehicles Inspected;760927.0
37119;Mecklenburg County;County;2016;School Bus Accidents;189.0
37119;Mecklenburg County;County;2016;School Bus Average Mileage;17767.0
37119;Mecklenburg County;County;2014;School Bus Accidents;204.0
37119;Mecklenburg County;County;2013;Accidents Caused by Exceeding Legal Speed;1343.0
37119;Mecklenburg County;County;2009;Vehicles Inspected;606435.0
37119;Mecklenburg County;County;2012;Alcohol Related Accidents;1109.0
37119;Mecklenburg County;County;2010;Bicyclist Fatalities;0.0
37119;Mecklenburg County;County;2009;Bicyclists Injured;49.0
37119;Mecklenburg County;County;2010;Alcohol Related Accidents;816.0
37119;Mecklenburg County;County;2004;Vehicles Inspected;652375.0
37119;Mecklenburg County;County;2005;Motorcyclist Fatalities;10.0
37119;Mecklenburg County;County;1992;Accidents Caused by Exceeding Legal Speed;1941.0
37119;Mecklenburg County;County;1999;Motorcyclists Injured;204.0
37119;Mecklenburg County;County;2000;Bicyclist Fatalities;1.0
37119;Mecklenburg County;County;1982;Alcohol Related Accidents;1255.0
37119;Mecklenburg County;County;1982;School Bus Accidents;158.0
37119;Mecklenburg County;County;1994;Bicyclist Fatalities;0.0
37119;Mecklenburg County;County;1994;Alcohol Related Accidents;752.0
37119;Mecklenburg County;County;1994;Vehicles Inspected;488157.0
37119;Mecklenburg County;County;1993;School Bus Average Mileage;53964.0
37119;Mecklenburg County;County;1980;Bicyclist Fatalities;1.0
37119;Mecklenburg County;County;1992;Alcohol Related Accidents;716.0
37119;Mecklenburg County;County;1991;Alcohol Related Accidents;798.0
37119;Mecklenburg County;County;1989;Accidents Caused by Exceeding Legal Speed;3560.0
37119;Mecklenburg County;County;1998;Motorcyclists Injured;185.0
37119;Mecklenburg County;County;1986;School Bus Accidents;73.0
37119;Mecklenburg County;County;1986;Vehicles Inspected;427965.0
37119;Mecklenburg County;County;1997;Alcohol Related Accidents;967.0
37119;Mecklenburg County;County;1995;Alcohol Related Accidents;775.0
37119;Mecklenburg County;County;1984;School Bus Average Mileage;38152.0
37119;Mecklenburg County;County;1984;Bicyclists Injured;143.0
37119;Mecklenburg County;County;1998;Vehicles Inspected;599616.0
37119;Mecklenburg County;County;2014;Traffic Accident Fatalities;67.0
37119;Mecklenburg County;County;2017;Traffic Accidents;38237.0
37119;Mecklenburg County;County;2011;Auto and Truck Registrations;588626.0
37119;Mecklenburg County;County;2006;Persons Injured in Traffic Accidents;12629.0
37119;Mecklenburg County;County;2004;Traffic Accidents;26521.0
37119;Mecklenburg County;County;2004;Persons Injured in Traffic Accidents;14628.0
37119;Mecklenburg County;County;2003;Persons Injured in Traffic Accidents;15755.0
37119;Mecklenburg County;County;2001;Secondary Highway Mileage;728.67
37119;Mecklenburg County;County;2002;Traffic Accident Fatalities;73.0
37119;Mecklenburg County;County;2000;Primary Highway Mileage;281.29
37119;Mecklenburg County;County;2000;Traffic Accident Fatalities;90.0
37119;Mecklenburg County;County;2000;Persons Injured in Traffic Accidents;17215.0
37119;Mecklenburg County;County;1995;Unpaved Highway Mileage;43.86
37119;Mecklenburg County;County;1995;Persons Injured in Traffic Accidents;17653.0
37119;Mecklenburg County;County;1980;Unpaved Highway Mileage;104.49
37119;Mecklenburg County;County;1992;Secondary Highway Mileage;861.49
37119;Mecklenburg County;County;1991;Persons Injured in Traffic Accidents;12680.0
37119;Mecklenburg County;County;1976;Persons Injured in Traffic Accidents;7420.0
37119;Mecklenburg County;County;1988;Primary Highway Mileage;261.58
37119;Mecklenburg County;County;1998;Paved Highway Mileage;1006.72
37119;Mecklenburg County;County;1998;Secondary Highway Mileage;761.83
37119;Mecklenburg County;County;1998;Traffic Accident Fatalities;69.0
37119;Mecklenburg County;County;1986;Traffic Accident Fatalities;85.0
37119;Mecklenburg County;County;1986;Persons Injured in Traffic Accidents;11906.0
37119;Mecklenburg County;County;1985;Primary Highway Mileage;260.13
37119;Mecklenburg County;County;1985;Auto and Truck Registrations;321826.0
37119;Mecklenburg County;County;1996;Secondary Highway Mileage;819.68
37119;Mecklenburg County;County;1984;Traffic Accidents;17694.0
37119;Mecklenburg County;County;2001;Unpaved Highway Mileage;22.11
37119;Mecklenburg County;County;2018;Motorcyclists Injured;230.0
37119;Mecklenburg County;County;2019;Persons Injured in Traffic Accidents;11992.0
37119;Mecklenburg County;County;2019;Bicyclists Injured;93.0
37119;Mecklenburg County;County;2021;Pedestrian Fatalities;29.0
37119;Mecklenburg County;County;2023;Motorcyclists Injured;237.0
37119;Mecklenburg County;County;2024;Persons Injured in Traffic Accidents;10189.0
37119;Mecklenburg County;County;2024;School Bus Accidents;182.0
37119;Mecklenburg County;County;2019;Accidents Caused by Exceeding Legal Speed;1487.0
37119;Mecklenburg County;County;2024;Accidents Caused by Exceeding Legal Speed;1.522
37119;Mecklenburg County;County;2019;Pedestrian Fatalities;34.0
37119;Mecklenburg County;County;2020;Alcohol Related Accidents;901.0
37119;Mecklenburg County;County;2017;Secondary Highway Mileage;659.0
37119;Mecklenburg County;County;2021;Alcohol Related Accidents;1035.0
37119;Mecklenburg County;County;2021;Bicyclists Injured;78.0
37119;Mecklenburg County;County;2022;Pedestrians Injured;320.0
37119;Mecklenburg County;County;2022;Motorcyclist Fatalities;17.0
37119;Mecklenburg County;County;2015;Bicyclists Injured;6.0
37119;Mecklenburg County;County;2014;School Bus Average Mileage;18480.0
37119;Mecklenburg County;County;2012;School Bus Average Mileage;19974.0
37119;Mecklenburg County;County;2010;School Bus Average Mileage;19133.0
37119;Mecklenburg County;County;2012;Motorcyclists Injured;335.0
37119;Mecklenburg County;County;2012;Bicyclist Fatalities;0.0
37119;Mecklenburg County;County;2006;Bicyclist Fatalities;1.0
37119;Mecklenburg County;County;2007;Bicyclists Injured;56.0
37119;Mecklenburg County;County;2010;Motorcyclist Fatalities;5.0
37119;Mecklenburg County;County;2008;Bicyclist Fatalities;2.0
37119;Mecklenburg County;County;2008;Bicyclists Injured;57.0
37119;Mecklenburg County;County;2005;School Bus Average Mileage;119376.0
37119;Mecklenburg County;County;2004;Bicyclist Fatalities;0.0
37119;Mecklenburg County;County;1997;Accidents Caused by Exceeding Legal Speed;2220.0
37119;Mecklenburg County;County;1990;Accidents Caused by Exceeding Legal Speed;3004.0
37119;Mecklenburg County;County;2003;Bicyclists Injured;40.0
37119;Mecklenburg County;County;2002;Bicyclist Fatalities;0.0
37119;Mecklenburg County;County;2000;School Bus Accidents;190.0
37119;Mecklenburg County;County;1999;School Bus Accidents;177.0
37119;Mecklenburg County;County;2001;School Bus Average Mileage;97012.0
37119;Mecklenburg County;County;1993;Bicyclist Fatalities;1.0
37119;Mecklenburg County;County;1980;Alcohol Related Accidents;899.0
37119;Mecklenburg County;County;1992;Motorcyclists Injured;121.0
37119;Mecklenburg County;County;1990;Motorcyclists Injured;175.0
37119;Mecklenburg County;County;1990;School Bus Accidents;112.0
37119;Mecklenburg County;County;1988;Motorcyclist Fatalities;2.0
37119;Mecklenburg County;County;1988;Motorcyclists Injured;140.0
37119;Mecklenburg County;County;1988;Bicyclist Fatalities;1.0
37119;Mecklenburg County;County;1987;Motorcyclist Fatalities;7.0
37119;Mecklenburg County;County;1987;Vehicles Inspected;458443.0
37119;Mecklenburg County;County;1986;Motorcyclist Fatalities;7.0
37119;Mecklenburg County;County;1986;Bicyclist Fatalities;1.0
37119;Mecklenburg County;County;1997;Bicyclists Injured;99.0
37119;Mecklenburg County;County;1985;Motorcyclist Fatalities;4.0
37119;Mecklenburg County;County;1985;Bicyclist Fatalities;0.0
37119;Mecklenburg County;County;1985;Vehicles Inspected;424447.0
37119;Mecklenburg County;County;1995;School Bus Average Mileage;64180.0
37119;Mecklenburg County;County;1995;Motorcyclist Fatalities;4.0
37119;Mecklenburg County;County;1984;School Bus Accidents;175.0
37119;Mecklenburg County;County;2000;Vehicles Inspected;615488.0
37119;Mecklenburg County;County;2018;Motorcyclist Fatalities;5.0
37119;Mecklenburg County;County;2015;Auto and Truck Registrations;700411.0
37119;Mecklenburg County;County;2016;Traffic Accident Fatalities;93.0
37119;Mecklenburg County;County;2016;Paved Highway Mileage;969.0
37119;Mecklenburg County;County;2011;Paved Highway Mileage;962.83
37119;Mecklenburg County;County;2011;Secondary Highway Mileage;660.4
37119;Mecklenburg County;County;2010;Auto and Truck Registrations;596811.0
37119;Mecklenburg County;County;2008;Paved Highway Mileage;1013.45
37119;Mecklenburg County;County;2007;Persons Injured in Traffic Accidents;14287.0
37119;Mecklenburg County;County;2009;Persons Injured in Traffic Accidents;11455.0
37119;Mecklenburg County;County;2007;Auto and Truck Registrations;619015.0
37119;Mecklenburg County;County;2005;Unpaved Highway Mileage;17.48
37119;Mecklenburg County;County;2003;Secondary Highway Mileage;713.14
37119;Mecklenburg County;County;2000;Traffic Accidents;27706.0
37119;Mecklenburg County;County;1983;Paved Highway Mileage;1025.5
37119;Mecklenburg County;County;1983;Persons Injured in Traffic Accidents;9341.0
37119;Mecklenburg County;County;1983;Auto and Truck Registrations;297107.0
37119;Mecklenburg County;County;1995;Secondary Highway Mileage;806.83
37119;Mecklenburg County;County;1995;Traffic Accident Fatalities;58.0
37119;Mecklenburg County;County;1995;Traffic Accidents;25552.0
37119;Mecklenburg County;County;1982;Primary Highway Mileage;264.83
37119;Mecklenburg County;County;1993;Persons Injured in Traffic Accidents;14512.0
37119;Mecklenburg County;County;1981;Persons Injured in Traffic Accidents;8928.0
37119;Mecklenburg County;County;1980;Secondary Highway Mileage;880.85
37119;Mecklenburg County;County;1980;Auto and Truck Registrations;288728.0
37119;Mecklenburg County;County;1979;Auto and Truck Registrations;285695.0
37119;Mecklenburg County;County;1990;Primary Highway Mileage;259.03
37119;Mecklenburg County;County;1989;Paved Highway Mileage;1014.64
37119;Mecklenburg County;County;1989;Traffic Accident Fatalities;76.0
37119;Mecklenburg County;County;1989;Traffic Accidents;21763.0
37119;Mecklenburg County;County;1970;Traffic Accident Fatalities;85.0
37119;Mecklenburg County;County;1988;Paved Highway Mileage;1032.94
37119;Mecklenburg County;County;1971;Traffic Accidents;12988.0
37119;Mecklenburg County;County;1987;Traffic Accident Fatalities;77.0
37119;Mecklenburg County;County;1987;Auto and Truck Registrations;357662.0
37119;Mecklenburg County;County;1986;Primary Highway Mileage;260.13
37119;Mecklenburg County;County;1986;Auto and Truck Registrations;348197.0
37119;Mecklenburg County;County;1997;Paved Highway Mileage;1006.72
37119;Mecklenburg County;County;1997;Primary Highway Mileage;273.92
37119;Mecklenburg County;County;1997;Persons Injured in Traffic Accidents;17635.0
37119;Mecklenburg County;County;1997;Auto and Truck Registrations;449918.0
37119;Mecklenburg County;County;1996;Auto and Truck Registrations;445588.0
37119;Mecklenburg County;County;2002;Unpaved Highway Mileage;21.65
37119;Mecklenburg County;County;2001;Persons Injured in Traffic Accidents;15729.0
37119;Mecklenburg County;County;2001;Traffic Accidents;27110.0
37119;Mecklenburg County;County;2018;Persons Injured in Traffic Accidents;12305.0
37119;Mecklenburg County;County;2018;Bicyclist Fatalities;4.0
37119;Mecklenburg County;County;2018;School Bus Accidents;203.0
37119;Mecklenburg County;County;2018;Paved Highway Mileage;970.91
37119;Mecklenburg County;County;2021;Pedestrians Injured;297.0
37119;Mecklenburg County;County;2022;Traffic Accidents;37177.0
37119;Mecklenburg County;County;2023;Alcohol Related Accidents;1026.0
37119;Mecklenburg County;County;2023;Pedestrians Injured;374.0
37119;Mecklenburg County;County;2024;Pedestrian Fatalities;40.0
37119;Mecklenburg County;County;2021;Accidents Caused by Exceeding Legal Speed;1584.0
37119;Mecklenburg County;County;2019;Traffic Accidents;40323.0
37119;Mecklenburg County;County;2020;Bicyclists Injured;79.0
37119;Mecklenburg County;County;2018;Alcohol Related Accidents;1056.0
37119;Mecklenburg County;County;2018;Pedestrian Fatalities;37.0
37119;Mecklenburg County;County;2017;Primary Highway Mileage;325.34
37119;Mecklenburg County;County;2024;Traffic Accident Fatalities;141.0
37119;Mecklenburg County;County;2024;Bicyclist Fatalities;4.0
37119;Mecklenburg County;County;2023;Motorcyclist Fatalities;10.0
37119;Mecklenburg County;County;2022;Persons Injured in Traffic Accidents;10428.0
37119;Mecklenburg County;County;2023;Accidents Caused by Exceeding Legal Speed;1711.0
37119;Mecklenburg County;County;2018;School Bus Average Mileage;17858.0
37119;Mecklenburg County;County;2015;Motorcyclists Injured;281.0
37119;Mecklenburg County;County;2016;Motorcyclist Fatalities;7.0
37119;Mecklenburg County;County;2016;Alcohol Related Accidents;1202.0
37119;Mecklenburg County;County;2017;Bicyclists Injured;125.0
37119;Mecklenburg County;County;2014;Bicyclist Fatalities;0.0
37119;Mecklenburg County;County;2014;Accidents Caused by Exceeding Legal Speed;1432.0
37119;Mecklenburg County;County;2014;Alcohol Related Accidents;1156.0
37119;Mecklenburg County;County;2017;Motorcyclist Fatalities;10.0
37119;Mecklenburg County;County;2013;Motorcyclist Fatalities;11.0
37119;Mecklenburg County;County;2011;Motorcyclists Injured;287.0
37119;Mecklenburg County;County;2006;Motorcyclists Injured;192.0
37119;Mecklenburg County;County;2007;Motorcyclists Injured;277.0
37119;Mecklenburg County;County;2007;Alcohol Related Accidents;1041.0
37119;Mecklenburg County;County;2010;Accidents Caused by Exceeding Legal Speed;1296.0
37119;Mecklenburg County;County;2009;School Bus Accidents;141.0
37119;Mecklenburg County;County;2008;Motorcyclists Injured;307.0
37119;Mecklenburg County;County;2005;Bicyclists Injured;53.0
37119;Mecklenburg County;County;2000;Accidents Caused by Exceeding Legal Speed;2350.0
37119;Mecklenburg County;County;1999;Accidents Caused by Exceeding Legal Speed;2248.0
37119;Mecklenburg County;County;2003;Motorcyclists Injured;163.0
37119;Mecklenburg County;County;2000;Motorcyclist Fatalities;11.0
37119;Mecklenburg County;County;1983;Accidents Caused by Exceeding Legal Speed;2177.0
37119;Mecklenburg County;County;1994;Bicyclists Injured;77.0
37119;Mecklenburg County;County;1981;Accidents Caused by Exceeding Legal Speed;1831.0
37119;Mecklenburg County;County;1980;Motorcyclists Injured;226.0
37119;Mecklenburg County;County;1992;Motorcyclist Fatalities;5.0
37119;Mecklenburg County;County;1991;Motorcyclist Fatalities;4.0
37119;Mecklenburg County;County;1989;School Bus Average Mileage;44187.0
37119;Mecklenburg County;County;1989;Alcohol Related Accidents;808.0
37119;Mecklenburg County;County;1989;School Bus Accidents;86.0
37119;Mecklenburg County;County;1998;Bicyclists Injured;117.0
37119;Mecklenburg County;County;1986;Accidents Caused by Exceeding Legal Speed;2775.0
37119;Mecklenburg County;County;1996;School Bus Accidents;136.0
37119;Mecklenburg County;County;1985;Accidents Caused by Exceeding Legal Speed;2522.0
37119;Mecklenburg County;County;1985;School Bus Accidents;113.0
37119;Mecklenburg County;County;1995;Vehicles Inspected;575211.0
37119;Mecklenburg County;County;1984;Motorcyclist Fatalities;8.0
37119;Mecklenburg County;County;2001;School Bus Accidents;208.0
37119;Mecklenburg County;County;2015;Traffic Accident Fatalities;75.0
37119;Mecklenburg County;County;2014;Paved Highway Mileage;959.21
37119;Mecklenburg County;County;2017;Traffic Accident Fatalities;104.0
37119;Mecklenburg County;County;2012;Primary Highway Mileage;319.76
37119;Mecklenburg County;County;2013;Persons Injured in Traffic Accidents;9634.0
37119;Mecklenburg County;County;2013;Traffic Accidents;26928.0
37119;Mecklenburg County;County;2011;Primary Highway Mileage;317.49
37119;Mecklenburg County;County;2012;Traffic Accidents;25293.0
37119;Mecklenburg County;County;2011;Traffic Accident Fatalities;68.0
37119;Mecklenburg County;County;2010;Secondary Highway Mileage;677.01
37119;Mecklenburg County;County;2007;Unpaved Highway Mileage;16.99
37119;Mecklenburg County;County;2007;Paved Highway Mileage;1009.91
37119;Mecklenburg County;County;2007;Primary Highway Mileage;305.66
37119;Mecklenburg County;County;2006;Traffic Accident Fatalities;89.0
37119;Mecklenburg County;County;2008;Secondary Highway Mileage;723.6
37119;Mecklenburg County;County;2010;Traffic Accidents;21456.0
37119;Mecklenburg County;County;2006;Auto and Truck Registrations;599571.0
37119;Mecklenburg County;County;2005;Persons Injured in Traffic Accidents;13863.0
37119;Mecklenburg County;County;2005;Traffic Accidents;25126.0
37119;Mecklenburg County;County;2005;Primary Highway Mileage;305.3
37119;Mecklenburg County;County;2004;Auto and Truck Registrations;548546.0
37119;Mecklenburg County;County;2003;Paved Highway Mileage;989.68
37119;Mecklenburg County;County;2002;Primary Highway Mileage;281.32
37119;Mecklenburg County;County;2000;Paved Highway Mileage;1003.76
37119;Mecklenburg County;County;1982;Paved Highway Mileage;1025.23
37119;Mecklenburg County;County;1993;Secondary Highway Mileage;810.83
37119;Mecklenburg County;County;1993;Primary Highway Mileage;259.13
37119;Mecklenburg County;County;1981;Auto and Truck Registrations;290053.0
37119;Mecklenburg County;County;1980;Primary Highway Mileage;259.33
37119;Mecklenburg County;County;1980;Persons Injured in Traffic Accidents;8560.0
37119;Mecklenburg County;County;1992;Primary Highway Mileage;259.31
37119;Mecklenburg County;County;1991;Primary Highway Mileage;259.28
37119;Mecklenburg County;County;1978;Auto and Truck Registrations;275949.0
37119;Mecklenburg County;County;1990;Paved Highway Mileage;1053.0
37119;Mecklenburg County;County;1990;Secondary Highway Mileage;858.08
37119;Mecklenburg County;County;1990;Traffic Accidents;20712.0
37119;Mecklenburg County;County;1975;Traffic Accident Fatalities;84.0
37119;Mecklenburg County;County;1989;Secondary Highway Mileage;829.99
37119;Mecklenburg County;County;1989;Auto and Truck Registrations;378171.0
37119;Mecklenburg County;County;1973;Traffic Accident Fatalities;66.0
37119;Mecklenburg County;County;1973;Persons Injured in Traffic Accidents;6361.0
37119;Mecklenburg County;County;1970;Persons Injured in Traffic Accidents;5569.0
37119;Mecklenburg County;County;1988;Unpaved Highway Mileage;78.06
37119;Mecklenburg County;County;1987;Traffic Accidents;19846.0
37119;Mecklenburg County;County;1985;Traffic Accidents;17072.0
37119;Mecklenburg County;County;1996;Paved Highway Mileage;1038.34
37119;Mecklenburg County;County;1996;Primary Highway Mileage;262.71
37119;Mecklenburg County;County;1996;Traffic Accident Fatalities;64.0
37119;Mecklenburg County;County;1996;Persons Injured in Traffic Accidents;17242.0
37119;Mecklenburg County;County;1984;Unpaved Highway Mileage;88.19
37119;Mecklenburg County;County;1984;Paved Highway Mileage;1044.81
37119;Mecklenburg County;County;1999;Primary Highway Mileage;281.29
37119;Mecklenburg County;County;2019;Traffic Accident Fatalities;90.0
37119;Mecklenburg County;County;2019;Pedestrian Accidents;396.0
37119;Mecklenburg County;County;2019;Pedestrians Injured;358.0
37119;Mecklenburg County;County;2019;Bicyclist Fatalities;1.0
37119;Mecklenburg County;County;2020;Traffic Accidents;30794.0
37119;Mecklenburg County;County;2020;Pedestrian Accidents;327.0
37119;Mecklenburg County;County;2020;Pedestrians Injured;292.0
37119;Mecklenburg County;County;2020;Pedestrian Fatalities;31.0
37119;Mecklenburg County;County;2020;Bicyclist Fatalities;4.0
37119;Mecklenburg County;County;2020;Motorcyclists Injured;182.0
37119;Mecklenburg County;County;2020;School Bus Accidents;70.0
37119;Mecklenburg County;County;2018;Traffic Accident Fatalities;107.0
37119;Mecklenburg County;County;2014;Secondary Highway Mileage;652.94
37119;Mecklenburg County;County;2012;Secondary Highway Mileage;657.33
37119;Mecklenburg County;County;2013;Traffic Accident Fatalities;61.0
37119;Mecklenburg County;County;2013;Secondary Highway Mileage;652.93
37119;Mecklenburg County;County;2013;Primary Highway Mileage;319.69
37119;Mecklenburg County;County;2013;Auto and Truck Registrations;641338.0
37119;Mecklenburg County;County;2012;Traffic Accident Fatalities;73.0
37119;Mecklenburg County;County;2007;Secondary Highway Mileage;721.24
37119;Mecklenburg County;County;2008;Traffic Accidents;25813.0
37119;Mecklenburg County;County;2010;Traffic Accident Fatalities;52.0
37119;Mecklenburg County;County;2010;Persons Injured in Traffic Accidents;13019.0
37119;Mecklenburg County;County;2006;Primary Highway Mileage;308.43
37119;Mecklenburg County;County;2005;Traffic Accident Fatalities;84.0
37119;Mecklenburg County;County;2004;Primary Highway Mileage;297.55
37119;Mecklenburg County;County;2003;Traffic Accident Fatalities;69.0
37119;Mecklenburg County;County;2003;Primary Highway Mileage;296.15
37119;Mecklenburg County;County;2002;Secondary Highway Mileage;736.48
37119;Mecklenburg County;County;1999;Persons Injured in Traffic Accidents;18261.0
37119;Mecklenburg County;County;1983;Unpaved Highway Mileage;90.84
37119;Mecklenburg County;County;1995;Paved Highway Mileage;1027.4
37119;Mecklenburg County;County;1995;Primary Highway Mileage;264.43
37119;Mecklenburg County;County;1995;Auto and Truck Registrations;435886.0
37119;Mecklenburg County;County;1994;Primary Highway Mileage;258.73
37119;Mecklenburg County;County;1982;Persons Injured in Traffic Accidents;9606.0
37119;Mecklenburg County;County;1993;Traffic Accident Fatalities;64.0
37119;Mecklenburg County;County;1981;Paved Highway Mileage;1041.94
37119;Mecklenburg County;County;1981;Secondary Highway Mileage;881.88
37119;Mecklenburg County;County;1992;Persons Injured in Traffic Accidents;13848.0
37119;Mecklenburg County;County;1991;Secondary Highway Mileage;847.98
37119;Mecklenburg County;County;1991;Traffic Accident Fatalities;68.0
37119;Mecklenburg County;County;1977;Traffic Accidents;12921.0
37119;Mecklenburg County;County;1977;Auto and Truck Registrations;258320.0
37119;Mecklenburg County;County;1990;Traffic Accident Fatalities;73.0
37119;Mecklenburg County;County;1989;Unpaved Highway Mileage;73.83
37119;Mecklenburg County;County;1989;Persons Injured in Traffic Accidents;14110.0
37119;Mecklenburg County;County;1970;Auto and Truck Registrations;187978.0
37119;Mecklenburg County;County;1988;Persons Injured in Traffic Accidents;12519.0
37119;Mecklenburg County;County;1988;Traffic Accidents;20548.0
37119;Mecklenburg County;County;1998;Primary Highway Mileage;273.92
37119;Mecklenburg County;County;1998;Persons Injured in Traffic Accidents;17826.0
37119;Mecklenburg County;County;1998;Auto and Truck Registrations;469333.0
37119;Mecklenburg County;County;1986;Secondary Highway Mileage;868.81
37119;Mecklenburg County;County;1986;Traffic Accidents;18044.0
37119;Mecklenburg County;County;1999;Unpaved Highway Mileage;24.48
37119;Mecklenburg County;County;2017;Unpaved Highway Mileage;13.42
37119;Mecklenburg County;County;2023;Persons Injured in Traffic Accidents;10596.0
37119;Mecklenburg County;County;2022;Alcohol Related Accidents;1035.0
37119;Mecklenburg County;County;2022;Bicyclists Injured;91.0
37119;Mecklenburg County;County;2021;Persons Injured in Traffic Accidents;10462.0
37119;Mecklenburg County;County;2021;Motorcyclist Fatalities;17.0
37119;Mecklenburg County;County;2019;Paved Highway Mileage;973.51
37119;Mecklenburg County;County;2016;Vehicles Inspected;757978.0
37119;Mecklenburg County;County;2014;Vehicles Inspected;724171.0
37119;Mecklenburg County;County;2016;Accidents Caused by Exceeding Legal Speed;1573.0
37119;Mecklenburg County;County;2017;Motorcyclists Injured;252.0
37119;Mecklenburg County;County;2017;Bicyclist Fatalities;5.0
37119;Mecklenburg County;County;2017;Accidents Caused by Exceeding Legal Speed;1591.0
37119;Mecklenburg County;County;2014;Motorcyclist Fatalities;14.0
37119;Mecklenburg County;County;2014;Bicyclists Injured;4.0
37119;Mecklenburg County;County;2013;School Bus Average Mileage;19245.0
37119;Mecklenburg County;County;2015;School Bus Accidents;167.0
37119;Mecklenburg County;County;2011;Accidents Caused by Exceeding Legal Speed;1257.0
37119;Mecklenburg County;County;2013;Bicyclists Injured;4.0
37119;Mecklenburg County;County;2007;Accidents Caused by Exceeding Legal Speed;1518.0
37119;Mecklenburg County;County;2009;Motorcyclists Injured;230.0
37119;Mecklenburg County;County;2010;School Bus Accidents;142.0
37119;Mecklenburg County;County;2005;Accidents Caused by Exceeding Legal Speed;1869.0
37119;Mecklenburg County;County;2004;School Bus Average Mileage;125034.0
37119;Mecklenburg County;County;2004;Alcohol Related Accidents;1074.0
37119;Mecklenburg County;County;2004;Accidents Caused by Exceeding Legal Speed;2025.0
37119;Mecklenburg County;County;2001;Accidents Caused by Exceeding Legal Speed;1798.0
37119;Mecklenburg County;County;1994;Accidents Caused by Exceeding Legal Speed;2014.0
37119;Mecklenburg County;County;2004;School Bus Accidents;243.0
37119;Mecklenburg County;County;2002;Motorcyclists Injured;176.0
37119;Mecklenburg County;County;2002;Alcohol Related Accidents;1156.0
37119;Mecklenburg County;County;2002;School Bus Accidents;229.0
37119;Mecklenburg County;County;2002;Vehicles Inspected;486742.0
37119;Mecklenburg County;County;1999;Bicyclist Fatalities;0.0
37119;Mecklenburg County;County;1983;School Bus Average Mileage;36778.0
37119;Mecklenburg County;County;1983;Bicyclist Fatalities;2.0
37119;Mecklenburg County;County;1983;Alcohol Related Accidents;1043.0
37119;Mecklenburg County;County;1983;Bicyclists Injured;111.0
37119;Mecklenburg County;County;1982;Motorcyclist Fatalities;6.0
37119;Mecklenburg County;County;1993;Vehicles Inspected;490289.0
37119;Mecklenburg County;County;1981;Motorcyclists Injured;180.0
37119;Mecklenburg County;County;1991;Motorcyclists Injured;134.0
37119;Mecklenburg County;County;1991;School Bus Accidents;94.0
37119;Mecklenburg County;County;1989;Motorcyclists Injured;108.0
37119;Mecklenburg County;County;1989;Bicyclist Fatalities;0.0
37119;Mecklenburg County;County;1989;Bicyclists Injured;52.0
37119;Mecklenburg County;County;1989;Vehicles Inspected;588731.0
37119;Mecklenburg County;County;1988;School Bus Average Mileage;42782.0
37119;Mecklenburg County;County;1987;Alcohol Related Accidents;927.0
37119;Mecklenburg County;County;1997;School Bus Average Mileage;75980.0
37119;Mecklenburg County;County;1997;Motorcyclists Injured;169.0
37119;Mecklenburg County;County;1996;Alcohol Related Accidents;825.0
37119;Mecklenburg County;County;1985;Alcohol Related Accidents;1027.0
37119;Mecklenburg County;County;1985;Bicyclists Injured;55.0
37119;Mecklenburg County;County;1984;Motorcyclists Injured;219.0
37119;Mecklenburg County;County;1984;Accidents Caused by Exceeding Legal Speed;2253.0
37119;Mecklenburg County;County;2000;Alcohol Related Accidents;1401.0
37119;Mecklenburg County;County;2015;Bicyclist Fatalities;0.0
37119;Mecklenburg County;County;2015;Alcohol Related Accidents;1221.0
37119;Mecklenburg County;County;2016;Bicyclist Fatalities;0.0
37119;Mecklenburg County;County;2016;Bicyclists Injured;79.0
37119;Mecklenburg County;County;2017;School Bus Average Mileage;17985.0
37119;Mecklenburg County;County;2015;Accidents Caused by Exceeding Legal Speed;1818.0
37119;Mecklenburg County;County;2022;Bicyclist Fatalities;0.0
37119;Mecklenburg County;County;2011;School Bus Average Mileage;18968.0
37119;Mecklenburg County;County;2009;School Bus Average Mileage;18958.0
37119;Mecklenburg County;County;2012;Vehicles Inspected;827431.0
37119;Mecklenburg County;County;2012;School Bus Accidents;157.0
37119;Mecklenburg County;County;2006;Bicyclists Injured;62.0
37119;Mecklenburg County;County;2009;Alcohol Related Accidents;850.0
37119;Mecklenburg County;County;2008;Motorcyclist Fatalities;5.0
37119;Mecklenburg County;County;2008;School Bus Accidents;331.0
37119;Mecklenburg County;County;2006;School Bus Average Mileage;126108.0
37119;Mecklenburg County;County;2004;Motorcyclist Fatalities;15.0
37119;Mecklenburg County;County;2002;Motorcyclist Fatalities;7.0
37119;Mecklenburg County;County;2014;Auto and Truck Registrations;667092.0
37119;Mecklenburg County;County;2002;School Bus Average Mileage;83303.0
37119;Mecklenburg County;County;2015;Persons Injured in Traffic Accidents;11801.0
37119;Mecklenburg County;County;1999;Bicyclists Injured;105.0
37119;Mecklenburg County;County;2016;Traffic Accidents;37348.0
37119;Mecklenburg County;County;1983;School Bus Accidents;127.0
37119;Mecklenburg County;County;2017;Persons Injured in Traffic Accidents;12203.0
37119;Mecklenburg County;County;1982;Bicyclist Fatalities;0.0
37119;Mecklenburg County;County;2016;Auto and Truck Registrations;697198.0
37119;Mecklenburg County;County;1982;Bicyclists Injured;119.0
37119;Mecklenburg County;County;2016;Secondary Highway Mileage;657.08
37119;Mecklenburg County;County;1993;Motorcyclists Injured;148.0
37119;Mecklenburg County;County;2011;Unpaved Highway Mileage;14.5
37119;Mecklenburg County;County;1993;School Bus Accidents;89.0
37119;Mecklenburg County;County;2013;Paved Highway Mileage;959.2
37119;Mecklenburg County;County;1981;Bicyclist Fatalities;1.0
37119;Mecklenburg County;County;2011;Persons Injured in Traffic Accidents;14069.0
37119;Mecklenburg County;County;1990;Bicyclists Injured;64.0
37119;Mecklenburg County;County;2010;Unpaved Highway Mileage;14.93
37119;Mecklenburg County;County;1990;Vehicles Inspected;509912.0
37119;Mecklenburg County;County;2010;Primary Highway Mileage;317.98
37119;Mecklenburg County;County;1987;School Bus Average Mileage;41354.0
37119;Mecklenburg County;County;2008;Traffic Accident Fatalities;78.0
37119;Mecklenburg County;County;1998;Motorcyclist Fatalities;8.0
37119;Mecklenburg County;County;2005;Paved Highway Mileage;992.67
37119;Mecklenburg County;County;1986;School Bus Average Mileage;40549.0
37119;Mecklenburg County;County;2004;Secondary Highway Mileage;730.21
37119;Mecklenburg County;County;1986;Alcohol Related Accidents;1056.0
37119;Mecklenburg County;County;2004;Paved Highway Mileage;1027.76
37119;Mecklenburg County;County;1997;School Bus Accidents;117.0
37119;Mecklenburg County;County;2003;Auto and Truck Registrations;533658.0
37119;Mecklenburg County;County;1996;School Bus Average Mileage;64676.0
37119;Mecklenburg County;County;2002;Persons Injured in Traffic Accidents;15514.0
37119;Mecklenburg County;County;1996;Bicyclists Injured;89.0
37119;Mecklenburg County;County;1999;Traffic Accident Fatalities;71.0
37119;Mecklenburg County;County;1985;Motorcyclists Injured;176.0
37119;Mecklenburg County;County;2000;Unpaved Highway Mileage;24.48
37119;Mecklenburg County;County;1995;Bicyclists Injured;101.0
37119;Mecklenburg County;County;2000;Secondary Highway Mileage;746.95
37119;Mecklenburg County;County;1995;School Bus Accidents;104.0
37119;Mecklenburg County;County;1982;Traffic Accident Fatalities;59.0
37119;Mecklenburg County;County;1984;Alcohol Related Accidents;1073.0
37119;Mecklenburg County;County;1993;Traffic Accidents;20881.0
37119;Mecklenburg County;County;2001;Bicyclist Fatalities;0.0
37119;Mecklenburg County;County;1993;Auto and Truck Registrations;408718.0
37119;Mecklenburg County;County;1981;Traffic Accident Fatalities;89.0
37119;Mecklenburg County;County;1980;Paved Highway Mileage;1035.69
37119;Mecklenburg County;County;1992;Traffic Accident Fatalities;55.0
37119;Mecklenburg County;County;1992;Auto and Truck Registrations;394842.0
37119;Mecklenburg County;County;1979;Traffic Accidents;14766.0
37119;Mecklenburg County;County;1978;Traffic Accident Fatalities;82.0
37119;Mecklenburg County;County;1978;Persons Injured in Traffic Accidents;9105.0
37119;Mecklenburg County;County;1978;Traffic Accidents;14489.0
37119;Mecklenburg County;County;1976;Auto and Truck Registrations;252316.0
37119;Mecklenburg County;County;1990;Persons Injured in Traffic Accidents;13995.0
37119;Mecklenburg County;County;1975;Traffic Accidents;11221.0
37119;Mecklenburg County;County;1975;Auto and Truck Registrations;238611.0
37119;Mecklenburg County;County;1974;Auto and Truck Registrations;241196.0
37119;Mecklenburg County;County;1988;Auto and Truck Registrations;368271.0
37119;Mecklenburg County;County;1987;Paved Highway Mileage;1011.45
37119;Mecklenburg County;County;1987;Persons Injured in Traffic Accidents;12572.0
37119;Mecklenburg County;County;1997;Unpaved Highway Mileage;29.03
37119;Mecklenburg County;County;2018;Accidents Caused by Exceeding Legal Speed;1903.0
37119;Mecklenburg County;County;1985;Unpaved Highway Mileage;86.86
37119;Mecklenburg County;County;2001;Traffic Accident Fatalities;58.0
37119;Mecklenburg County;County;2020;Accidents Caused by Exceeding Legal Speed;1747.0
37119;Mecklenburg County;County;2024;Traffic Accidents;37228.0
37119;Mecklenburg County;County;2024;Alcohol Related Accidents;922.0
37119;Mecklenburg County;County;2024;Pedestrians Injured;407.0
37119;Mecklenburg County;County;2014;Persons Injured in Traffic Accidents;10288.0
37119;Mecklenburg County;County;2014;Traffic Accidents;29108.0
37119;Mecklenburg County;County;2014;Primary Highway Mileage;319.69
37119;Mecklenburg County;County;2012;Paved Highway Mileage;963.63
37119;Mecklenburg County;County;2013;Unpaved Highway Mileage;13.42
37119;Mecklenburg County;County;2012;Persons Injured in Traffic Accidents;15403.0
37119;Mecklenburg County;County;2006;Traffic Accidents;23956.0
37119;Mecklenburg County;County;2008;Persons Injured in Traffic Accidents;13550.0
37119;Mecklenburg County;County;2009;Traffic Accident Fatalities;78.0
37119;Mecklenburg County;County;2006;Unpaved Highway Mileage;17.1
37119;Mecklenburg County;County;2006;Secondary Highway Mileage;707.35
37119;Mecklenburg County;County;2005;Auto and Truck Registrations;571243.0
37119;Mecklenburg County;County;2004;Unpaved Highway Mileage;18.12
37119;Mecklenburg County;County;2001;Primary Highway Mileage;281.32
37119;Mecklenburg County;County;2002;Traffic Accidents;27344.0
37119;Mecklenburg County;County;1999;Traffic Accidents;27294.0
37119;Mecklenburg County;County;1983;Secondary Highway Mileage;853.07
37119;Mecklenburg County;County;1983;Traffic Accident Fatalities;70.0
37119;Mecklenburg County;County;1983;Traffic Accidents;15872.0
37119;Mecklenburg County;County;1994;Paved Highway Mileage;1023.59
37119;Mecklenburg County;County;1994;Secondary Highway Mileage;811.94
37119;Mecklenburg County;County;1982;Unpaved Highway Mileage;95.05
37119;Mecklenburg County;County;1982;Secondary Highway Mileage;855.45
37119;Mecklenburg County;County;1982;Auto and Truck Registrations;294270.0
37119;Mecklenburg County;County;1993;Unpaved Highway Mileage;49.15
37119;Mecklenburg County;County;1980;Traffic Accidents;14079.0
37119;Mecklenburg County;County;1992;Traffic Accidents;20054.0
37119;Mecklenburg County;County;1979;Traffic Accident Fatalities;79.0
37119;Mecklenburg County;County;1991;Traffic Accidents;18611.0
37119;Mecklenburg County;County;1991;Auto and Truck Registrations;384301.0
37119;Mecklenburg County;County;1977;Persons Injured in Traffic Accidents;8152.0
37119;Mecklenburg County;County;1976;Traffic Accidents;12278.0
37119;Mecklenburg County;County;1990;Auto and Truck Registrations;384562.0
37119;Mecklenburg County;County;1974;Traffic Accident Fatalities;69.0
37119;Mecklenburg County;County;1973;Auto and Truck Registrations;227512.0
37119;Mecklenburg County;County;1972;Traffic Accident Fatalities;82.0
37119;Mecklenburg County;County;1972;Traffic Accidents;12413.0
37119;Mecklenburg County;County;1971;Traffic Accident Fatalities;95.0
37119;Mecklenburg County;County;1971;Persons Injured in Traffic Accidents;5714.0
37119;Mecklenburg County;County;1987;Unpaved Highway Mileage;77.03
37119;Mecklenburg County;County;1987;Primary Highway Mileage;260.13
37119;Mecklenburg County;County;2000;Auto and Truck Registrations;508766.0
37119;Mecklenburg County;County;1999;Auto and Truck Registrations;490781.0
37119;Mecklenburg County;County;1998;Unpaved Highway Mileage;29.03
37119;Mecklenburg County;County;1986;Unpaved Highway Mileage;83.19
37119;Mecklenburg County;County;1984;Secondary Highway Mileage;872.67
37119;Mecklenburg County;County;1984;Traffic Accident Fatalities;81.0
37119;Mecklenburg County;County;1984;Persons Injured in Traffic Accidents;10872.0
37119;Mecklenburg County;County;1999;Paved Highway Mileage;1003.76
37119;Mecklenburg County;County;2021;Unpaved Highway Mileage;11.17
37119;Mecklenburg County;County;2023;Primary Highway Mileage;323.34
37119;Mecklenburg County;County;2023;Traffic Accident Fatalities;111.0
37119;Mecklenburg County;County;2023;Pedestrian Accidents;406.0
37119;Mecklenburg County;County;2023;Pedestrian Fatalities;26.0
37119;Mecklenburg County;County;2022;Traffic Accident Fatalities;126.0
37119;Mecklenburg County;County;2022;School Bus Accidents;213.0
37119;Mecklenburg County;County;2022;Accidents Caused by Exceeding Legal Speed;1818.0
37119;Mecklenburg County;County;2019;School Bus Average Mileage;17647.0
37119;Mecklenburg County;County;2018;Traffic Accidents;39798.0
37119;Mecklenburg County;County;2019;Motorcyclists Injured;212.0
37119;Mecklenburg County;County;2020;Traffic Accident Fatalities;120.0
37119;Mecklenburg County;County;2020;Motorcyclist Fatalities;13.0
37119;Mecklenburg County;County;2017;School Bus Accidents;229.0
37119;Mecklenburg County;County;2018;Secondary Highway Mileage;657.33
37119;Mecklenburg County;County;2022;Pedestrian Fatalities;31.0
37119;Mecklenburg County;County;2023;Traffic Accidents;37900.0
37119;Mecklenburg County;County;2024;Primary Highway Mileage;323.35
37119;Mecklenburg County;County;2023;Unpaved Highway Mileage;11.17
37119;Mecklenburg County;County;2024;Secondary Highway Mileage;656.71
37119;Mecklenburg County;County;2016;Motorcyclists Injured;259.0
37119;Mecklenburg County;County;2017;Alcohol Related Accidents;1108.0
37119;Mecklenburg County;County;2014;Motorcyclists Injured;290.0
37119;Mecklenburg County;County;2015;School Bus Average Mileage;17769.0
37119;Mecklenburg County;County;2013;Bicyclist Fatalities;0.0
37119;Mecklenburg County;County;2011;Vehicles Inspected;823187.0
37119;Mecklenburg County;County;2008;Vehicles Inspected;752077.0
37119;Mecklenburg County;County;2012;Bicyclists Injured;10.0
37119;Mecklenburg County;County;2011;Bicyclist Fatalities;0.0
37119;Mecklenburg County;County;2011;School Bus Accidents;143.0
37119;Mecklenburg County;County;2006;Alcohol Related Accidents;913.0
37119;Mecklenburg County;County;2010;Bicyclists Injured;43.0
37119;Mecklenburg County;County;2009;Bicyclist Fatalities;1.0
37119;Mecklenburg County;County;2008;Alcohol Related Accidents;1043.0
37119;Mecklenburg County;County;2003;Accidents Caused by Exceeding Legal Speed;2070.0
37119;Mecklenburg County;County;1993;Accidents Caused by Exceeding Legal Speed;1955.0
37119;Mecklenburg County;County;1991;Accidents Caused by Exceeding Legal Speed;3195.0
37119;Mecklenburg County;County;2004;Motorcyclists Injured;199.0
37119;Mecklenburg County;County;2003;School Bus Average Mileage;112807.0
37119;Mecklenburg County;County;2003;Motorcyclist Fatalities;5.0
37119;Mecklenburg County;County;2003;Alcohol Related Accidents;1097.0
37119;Mecklenburg County;County;1999;Motorcyclist Fatalities;11.0
37119;Mecklenburg County;County;2000;Bicyclists Injured;78.0
37119;Mecklenburg County;County;1983;Motorcyclist Fatalities;3.0
37119;Mecklenburg County;County;1983;Motorcyclists Injured;205.0
37119;Mecklenburg County;County;1994;Motorcyclist Fatalities;5.0
37119;Mecklenburg County;County;1994;School Bus Accidents;119.0
37119;Mecklenburg County;County;1981;Alcohol Related Accidents;1105.0
37119;Mecklenburg County;County;1980;Motorcyclist Fatalities;7.0
37119;Mecklenburg County;County;1980;Accidents Caused by Exceeding Legal Speed;1915.0
37119;Mecklenburg County;County;1980;Bicyclists Injured;95.0
37119;Mecklenburg County;County;1992;School Bus Accidents;80.0
37119;Mecklenburg County;County;1991;Bicyclist Fatalities;1.0
37119;Mecklenburg County;County;1990;Alcohol Related Accidents;920.0
37119;Mecklenburg County;County;1989;Motorcyclist Fatalities;0.0
37119;Mecklenburg County;County;1988;Accidents Caused by Exceeding Legal Speed;3058.0
37119;Mecklenburg County;County;1988;Vehicles Inspected;574138.0
37119;Mecklenburg County;County;1987;Motorcyclists Injured;160.0
37119;Mecklenburg County;County;1987;School Bus Accidents;104.0
37119;Mecklenburg County;County;1998;Alcohol Related Accidents;963.0
37119;Mecklenburg County;County;1986;Bicyclists Injured;46.0
37119;Mecklenburg County;County;1996;Motorcyclist Fatalities;4.0
37119;Mecklenburg County;County;2001;Motorcyclists Injured;193.0
37119;Mecklenburg County;County;2001;Alcohol Related Accidents;1383.0
37119;Mecklenburg County;County;1999;Vehicles Inspected;632126.0
37119;Mecklenburg County;County;2001;Vehicles Inspected;571445.0
37119;Mecklenburg County;County;2021;Paved Highway Mileage;968.7
37119;Mecklenburg County;County;2020;Unpaved Highway Mileage;11.5
37119;Mecklenburg County;County;2021;Secondary Highway Mileage;656.38
37119;Mecklenburg County;County;2023;Paved Highway Mileage;968.34
37119;Mecklenburg County;County;2020;Secondary Highway Mileage;658.52
37119;Mecklenburg County;County;2022;Secondary Highway Mileage;656.97
37119;Mecklenburg County;County;2024;Bicyclists Injured;118.0
37119;Mecklenburg County;County;2024;Motorcyclists Injured;236.0
37119;Mecklenburg County;County;2018;Pedestrian Accidents;466.0
37119;Mecklenburg County;County;2018;Pedestrians Injured;426.0
37119;Mecklenburg County;County;2019;School Bus Accidents;228.0
37119;Mecklenburg County;County;2018;Unpaved Highway Mileage;11.79
37119;Mecklenburg County;County;2018;Primary Highway Mileage;325.36
37119;Mecklenburg County;County;2017;Paved Highway Mileage;970.92
37119;Mecklenburg County;County;2021;Traffic Accidents;36425.0
37119;Mecklenburg County;County;2021;Pedestrian Accidents;332.0
37119;Mecklenburg County;County;2021;Bicyclist Fatalities;2.0
37119;Mecklenburg County;County;2019;Primary Highway Mileage;325.36
37119;Mecklenburg County;County;2019;Secondary Highway Mileage;659.72
37119;Mecklenburg County;County;2013;Vehicles Inspected;849255.0
37119;Mecklenburg County;County;2012;Accidents Caused by Exceeding Legal Speed;1079.0
37119;Mecklenburg County;County;2010;Vehicles Inspected;751622.0
37119;Mecklenburg County;County;2012;Motorcyclist Fatalities;6.0
37119;Mecklenburg County;County;2011;Motorcyclist Fatalities;14.0
37119;Mecklenburg County;County;2011;Alcohol Related Accidents;913.0
37119;Mecklenburg County;County;2011;Bicyclists Injured;67.0
37119;Mecklenburg County;County;2006;School Bus Accidents;241.0
37119;Mecklenburg County;County;2007;School Bus Accidents;315.0
37119;Mecklenburg County;County;2010;Motorcyclists Injured;240.0
37119;Mecklenburg County;County;2009;Motorcyclist Fatalities;5.0
37119;Mecklenburg County;County;2009;Accidents Caused by Exceeding Legal Speed;1576.0
37119;Mecklenburg County;County;2007;School Bus Average Mileage;19058.0
37119;Mecklenburg County;County;2005;Vehicles Inspected;670253.0
37119;Mecklenburg County;County;2005;School Bus Accidents;275.0
37119;Mecklenburg County;County;2002;Accidents Caused by Exceeding Legal Speed;2147.0
37119;Mecklenburg County;County;1998;Accidents Caused by Exceeding Legal Speed;2120.0
37119;Mecklenburg County;County;1995;Accidents Caused by Exceeding Legal Speed;2152.0
37119;Mecklenburg County;County;2003;Bicyclist Fatalities;2.0
37119;Mecklenburg County;County;2002;Bicyclists Injured;51.0
37119;Mecklenburg County;County;2003;School Bus Accidents;264.0
37119;Mecklenburg County;County;1998;School Bus Average Mileage;77210.0
37119;Mecklenburg County;County;1999;School Bus Average Mileage;87463.0
37119;Mecklenburg County;County;1999;Alcohol Related Accidents;1021.0
37119;Mecklenburg County;County;1994;School Bus Average Mileage;60920.0
37119;Mecklenburg County;County;1994;Motorcyclists Injured;123.0
37119;Mecklenburg County;County;1993;Motorcyclist Fatalities;4.0
37119;Mecklenburg County;County;1993;Alcohol Related Accidents;704.0
37119;Mecklenburg County;County;1993;Bicyclists Injured;74.0
37119;Mecklenburg County;County;1981;Motorcyclist Fatalities;6.0
37119;Mecklenburg County;County;1981;Bicyclists Injured;94.0
37119;Mecklenburg County;County;1992;School Bus Average Mileage;47222.0
37119;Mecklenburg County;County;1990;Bicyclist Fatalities;2.0
37119;Mecklenburg County;County;1988;Alcohol Related Accidents;821.0
37119;Mecklenburg County;County;1988;School Bus Accidents;82.0
37119;Mecklenburg County;County;1987;Bicyclist Fatalities;1.0
37119;Mecklenburg County;County;1987;Accidents Caused by Exceeding Legal Speed;3050.0
37119;Mecklenburg County;County;1987;Bicyclists Injured;57.0
37119;Mecklenburg County;County;1998;Bicyclist Fatalities;2.0
37119;Mecklenburg County;County;1998;School Bus Accidents;136.0
37119;Mecklenburg County;County;1986;Motorcyclists Injured;197.0
37119;Mecklenburg County;County;1997;Motorcyclist Fatalities;3.0
37119;Mecklenburg County;County;1996;Bicyclist Fatalities;1.0
37119;Mecklenburg County;County;1996;Vehicles Inspected;509078.0
37119;Mecklenburg County;County;1995;Motorcyclists Injured;135.0
37119;Mecklenburg County;County;1997;Vehicles Inspected;559178.0
37119;Mecklenburg County;County;2015;Motorcyclist Fatalities;6.0
37119;Mecklenburg County;County;2013;Motorcyclists Injured;250.0
37119;Mecklenburg County;County;2013;Alcohol Related Accidents;1048.0
37119;Mecklenburg County;County;2013;School Bus Accidents;156.0
37119;Mecklenburg County;County;2006;Motorcyclist Fatalities;13.0
37119;Mecklenburg County;County;2006;Accidents Caused by Exceeding Legal Speed;1428.0
37119;Mecklenburg County;County;2007;Motorcyclist Fatalities;11.0
37119;Mecklenburg County;County;2007;Bicyclist Fatalities;0.0
37119;Mecklenburg County;County;2008;Accidents Caused by Exceeding Legal Speed;1403.0
37119;Mecklenburg County;County;2008;School Bus Average Mileage;19178.0
37119;Mecklenburg County;County;2006;Vehicles Inspected;689567.0
37119;Mecklenburg County;County;2003;Vehicles Inspected;633179.0
37119;Mecklenburg County;County;2005;Motorcyclists Injured;220.0
37119;Mecklenburg County;County;2005;Bicyclist Fatalities;2.0
37119;Mecklenburg County;County;2005;Alcohol Related Accidents;1033.0
37119;Mecklenburg County;County;2004;Bicyclists Injured;53.0
37119;Mecklenburg County;County;1996;Accidents Caused by Exceeding Legal Speed;2194.0
37119;Mecklenburg County;County;2000;Motorcyclists Injured;183.0
37119;Mecklenburg County;County;2000;School Bus Average Mileage;86402.0
37119;Mecklenburg County;County;1982;Motorcyclists Injured;197.0
37119;Mecklenburg County;County;1982;Accidents Caused by Exceeding Legal Speed;2239.0
37119;Mecklenburg County;County;1981;School Bus Accidents;133.0
37119;Mecklenburg County;County;1980;School Bus Accidents;177.0
37119;Mecklenburg County;County;1992;Bicyclist Fatalities;1.0
37119;Mecklenburg County;County;1992;Bicyclists Injured;49.0
37119;Mecklenburg County;County;1991;School Bus Average Mileage;46743.0
37119;Mecklenburg County;County;1991;Bicyclists Injured;61.0
37119;Mecklenburg County;County;1991;Vehicles Inspected;499104.0
37119;Mecklenburg County;County;1990;School Bus Average Mileage;46699.0
37119;Mecklenburg County;County;1990;Motorcyclist Fatalities;3.0
37119;Mecklenburg County;County;1988;Bicyclists Injured;49.0
37119;Mecklenburg County;County;1997;Bicyclist Fatalities;1.0
37119;Mecklenburg County;County;1996;Motorcyclists Injured;170.0
37119;Mecklenburg County;County;1985;School Bus Average Mileage;41222.0
37119;Mecklenburg County;County;1995;Bicyclist Fatalities;1.0
37119;Mecklenburg County;County;1984;Bicyclist Fatalities;1.0
37119;Mecklenburg County;County;2001;Motorcyclist Fatalities;8.0
37119;Mecklenburg County;County;2001;Bicyclists Injured;48.0
37119;Mecklenburg County;County;2015;Traffic Accidents;33916.0
37119;Mecklenburg County;County;2016;Unpaved Highway Mileage;13.41
37119;Mecklenburg County;County;2011;Traffic Accidents;23621.0
37119;Mecklenburg County;County;2010;Paved Highway Mileage;980.07
37119;Mecklenburg County;County;2008;Primary Highway Mileage;305.66
37119;Mecklenburg County;County;2006;Paved Highway Mileage;998.68
37119;Mecklenburg County;County;2005;Secondary Highway Mileage;704.85
37119;Mecklenburg County;County;2002;Paved Highway Mileage;987.88
37119;Mecklenburg County;County;2001;Paved Highway Mileage;987.88
37119;Mecklenburg County;County;1983;Primary Highway Mileage;263.27
37119;Mecklenburg County;County;1994;Unpaved Highway Mileage;47.08
37119;Mecklenburg County;County;1994;Persons Injured in Traffic Accidents;15818.0
37119;Mecklenburg County;County;1994;Traffic Accidents;23206.0
37119;Mecklenburg County;County;1994;Auto and Truck Registrations;426223.0
37119;Mecklenburg County;County;1981;Unpaved Highway Mileage;98.36
37119;Mecklenburg County;County;1992;Unpaved Highway Mileage;54.27
37119;Mecklenburg County;County;1976;Traffic Accident Fatalities;70.0
37119;Mecklenburg County;County;1990;Unpaved Highway Mileage;64.11
37119;Mecklenburg County;County;1975;Persons Injured in Traffic Accidents;6811.0
37119;Mecklenburg County;County;1974;Traffic Accidents;11102.0
37119;Mecklenburg County;County;1970;Traffic Accidents;11892.0
37119;Mecklenburg County;County;1988;Secondary Highway Mileage;849.42
37119;Mecklenburg County;County;1971;Auto and Truck Registrations;209137.0
37119;Mecklenburg County;County;1987;Secondary Highway Mileage;828.35
37119;Mecklenburg County;County;1986;Paved Highway Mileage;1045.75
37119;Mecklenburg County;County;1985;Secondary Highway Mileage;857.53
37119;Mecklenburg County;County;1985;Traffic Accident Fatalities;56.0
37119;Mecklenburg County;County;1996;Traffic Accidents;23213.0
37119;Mecklenburg County;County;1984;Primary Highway Mileage;260.33
37119;Mecklenburg County;County;2002;Auto and Truck Registrations;524474.0
37119;Mecklenburg County;County;2001;Auto and Truck Registrations;512017.0
37119;Mecklenburg County;County;1999;Secondary Highway Mileage;746.95
37119;Mecklenburg County;County;2016;Persons Injured in Traffic Accidents;12438.0
37119;Mecklenburg County;County;2014;Unpaved Highway Mileage;13.42
37119;Mecklenburg County;County;2016;Primary Highway Mileage;325.34
37119;Mecklenburg County;County;2012;Unpaved Highway Mileage;13.47
37119;Mecklenburg County;County;2012;Auto and Truck Registrations;625910.0
37119;Mecklenburg County;County;2009;Auto and Truck Registrations;615500.0
37119;Mecklenburg County;County;2008;Unpaved Highway Mileage;15.81
37119;Mecklenburg County;County;2007;Traffic Accident Fatalities;92.0
37119;Mecklenburg County;County;2007;Traffic Accidents;26705.0
37119;Mecklenburg County;County;2009;Traffic Accidents;20814.0
37119;Mecklenburg County;County;2004;Traffic Accident Fatalities;72.0
37119;Mecklenburg County;County;2003;Traffic Accidents;27760.0
37119;Mecklenburg County;County;2003;Unpaved Highway Mileage;19.61
37119;Mecklenburg County;County;1994;Traffic Accident Fatalities;63.0
37119;Mecklenburg County;County;1982;Traffic Accidents;15692.0
37119;Mecklenburg County;County;1993;Paved Highway Mileage;1020.81
37119;Mecklenburg County;County;1981;Primary Highway Mileage;258.42
37119;Mecklenburg County;County;1981;Traffic Accidents;14688.0
37119;Mecklenburg County;County;1980;Traffic Accident Fatalities;74.0
37119;Mecklenburg County;County;1992;Paved Highway Mileage;1066.53
37119;Mecklenburg County;County;1979;Persons Injured in Traffic Accidents;9130.0
37119;Mecklenburg County;County;1991;Unpaved Highway Mileage;56.71
37119;Mecklenburg County;County;1991;Paved Highway Mileage;1050.55
37119;Mecklenburg County;County;1977;Traffic Accident Fatalities;56.0
37119;Mecklenburg County;County;1974;Persons Injured in Traffic Accidents;6175.0
37119;Mecklenburg County;County;1989;Primary Highway Mileage;258.48
37119;Mecklenburg County;County;1973;Traffic Accidents;12044.0
37119;Mecklenburg County;County;1972;Persons Injured in Traffic Accidents;5681.0
37119;Mecklenburg County;County;1972;Auto and Truck Registrations;213687.0
37119;Mecklenburg County;County;1988;Traffic Accident Fatalities;68.0
37119;Mecklenburg County;County;1998;Traffic Accidents;25831.0
37119;Mecklenburg County;County;1997;Secondary Highway Mileage;761.83
37119;Mecklenburg County;County;1997;Traffic Accident Fatalities;57.0
37119;Mecklenburg County;County;1997;Traffic Accidents;24875.0
37119;Mecklenburg County;County;1985;Paved Highway Mileage;1030.8
37119;Mecklenburg County;County;1985;Persons Injured in Traffic Accidents;11803.0
37119;Mecklenburg County;County;1996;Unpaved Highway Mileage;44.05
37119;Mecklenburg County;County;1984;Auto and Truck Registrations;315051.0
37119;Mecklenburg County;County;2020;Primary Highway Mileage;325.35
37119;Mecklenburg County;County;2022;Paved Highway Mileage;969.3
37119;Mecklenburg County;County;2022;Unpaved Highway Mileage;11.17
37119;Mecklenburg County;County;2022;Primary Highway Mileage;323.48
37119;Mecklenburg County;County;2023;Secondary Highway Mileage;656.15
37119;Mecklenburg County;County;2024;Paved Highway Mileage;968.9
37119;Mecklenburg County;County;2021;Primary Highway Mileage;323.48
37119;Mecklenburg County;County;2020;Paved Highway Mileage;972.38
37119;Mecklenburg County;County;2024;Unpaved Highway Mileage;11.17
